Tag,Keyword,VR,Sample Value,Count
"(0008,0005)",SpecificCharacterSet,CS,ISO_IR 100,61
"(0008,0016)",SOPClassUID,UI,1.2.840.10008.5.1.4.1.1.6.1,61
"(0008,0018)",SOPInstanceUID,UI,1.2.276.0.26.1.1.1.2.2025.344.34121.4865212.24903680,61
"(0008,0020)",StudyDate,DA,20251103,61
"(0008,0030)",StudyTime,TM,142750,61
"(0008,0023)",ContentDate,DA,20251103,61
"(0008,0050)",AccessionNumber,SH,,61
"(0008,0033)",ContentTime,TM,142841,61
"(0008,0090)",ReferringPhysicianName,PN,,61
"(0008,0080)",InstitutionName,LO,MATIARI,61
"(0008,0060)",Modality,CS,US,61
"(0008,0070)",Manufacturer,LO,GE Healthcare Austria GmbH & Co OG,61
"(0010,0010)",PatientName,PN,,61
"(0010,0020)",PatientID,LO,1101011-0003-001-01-02,61
"(0010,0030)",PatientBirthDate,DA,,61
"(0008,1090)",ManufacturerModelName,LO,Voluson SWIFT,61
"(0020,0011)",SeriesNumber,IS,1,61
"(0020,0010)",StudyID,SH,1,61
"(0020,0013)",InstanceNumber,IS,2,61
"(0020,000E)",SeriesInstanceUID,UI,1.2.276.0.26.1.1.1.2.2025.344.34070.3375010,61
"(0010,0040)",PatientSex,CS,F,61
"(0020,000D)",StudyInstanceUID,UI,1.2.276.0.26.1.1.1.2.2025.344.34070.3358585,61
"(0018,1020)",SoftwareVersions,LO,41.x.x VP,61
"(0018,1000)",DeviceSerialNumber,LO,VPXS31533,61
"(0008,1010)",StationName,SH,US1,60
"(0008,0031)",SeriesTime,TM,142750,60
"(0008,0008)",ImageType,CS,"['ORIGINAL', 'PRIMARY', 'OBSTETRICAL', '0001']",60
"(0008,0021)",SeriesDate,DA,20251103,60
"(0008,2127)",ViewName,SH,Viewname 2,60
"(0008,1070)",OperatorsName,PN,01,60
"(0008,2128)",ViewNumber,IS,2,60
"(0020,0020)",PatientOrientation,CS,,60
"(6301,1001)",Private/Unknown,IS,0,60
"(0028,0002)",SamplesPerPixel,US,3,60
"(0028,0004)",PhotometricInterpretation,CS,RGB,60
"(0028,0006)",PlanarConfiguration,US,0,60
"(0028,0010)",Rows,US,852,60
"(0028,0011)",Columns,US,1136,60
"(0028,0100)",BitsAllocated,US,8,60
"(0028,0101)",BitsStored,US,8,60
"(6301,1002)",Private/Unknown,IS,0,60
"(0028,0102)",HighBit,US,7,60
"(0028,0103)",PixelRepresentation,US,0,60
"(6301,0010)",Private/Unknown,LO,KRETZ_PRIVATE,60
"(0018,6011)",SequenceOfUltrasoundRegions,SQ,"[(0018,6012) Region Spatial Format               US: 1
(0018,6014) Region Data Type                    US: 1
(0018,6016) Region Flags                        UL: 0
(0018,6018) Region Location Min X0              UL: 0
(0018,601A) Region Location Min Y0              UL: 66
(0018,601C) Region Location Max X1              UL: 1136
(0018,601E) Region Location Max Y1              UL: 656
(0018,6020) Reference Pixel X0                  SL: 0
(0018,6022) Reference Pixel Y0                  SL: 66
(0018,6024) Physical Units X Direction          US: 3
(0018,6026) Physical Units Y Direction          US: 3
(0018,6028) Reference Pixel Physical Value X    FD: 0.0
(0018,602A) Reference Pixel Physical Value Y    FD: 0.0
(0018,602C) Physical Delta X                    FD: 0.00865295808762312
(0018,602E) Physical Delta Y                    FD: 0.00865295808762312(0018,6012) Region Spatial Format               US: 1
(0018,6014) Region Data Type                    US: 1
(0018,6016) Region Flags                        UL: 0
(0018,6018) Region Location Min X0              UL: 284
(0018,601A) Region Location Min Y0              UL: 656
(0018,601C) Region Location Max X1              UL: 1136
(0018,601E) Region Location Max Y1              UL: 852
(0018,6020) Reference Pixel X0                  SL: 0
(0018,6022) Reference Pixel Y0                  SL: 66
(0018,6024) Physical Units X Direction          US: 3
(0018,6026) Physical Units Y Direction          US: 3
(0018,6028) Reference Pixel Physical Value X    FD: 0.0
(0018,602A) Reference Pixel Physical Value Y    FD: 0.0
(0018,602C) Physical Delta X                    FD: 0.00865295808762312
(0018,602E) Physical Delta Y                    FD: 0.00865295808762312]",52
"(0028,0030)",PixelSpacing,DS,"[0.086530, 0.086530]",50
"(0008,0064)",ConversionType,CS,WSD,8
"(0018,0040)",CineRate,IS,35,5
"(0018,1063)",FrameTime,DS,28.0139,5
"(0028,0008)",NumberOfFrames,IS,108,5
"(0028,0009)",FrameIncrementPointer,AT,"(0018,1063)",5
"(0028,2110)",LossyImageCompression,CS,01,5
"(0008,0012)",InstanceCreationDate,DA,20251105,1
"(0008,0013)",InstanceCreationTime,TM,122707,1
"(0008,0014)",InstanceCreatorUID,UI,1.2.276.0.7230010.3.0.3.6.0,1
"(0008,1111)",ReferencedPerformedProcedureStepSequence,SQ,[],1
"(0040,A040)",ValueType,CS,CONTAINER,1
"(0040,A043)",ConceptNameCodeSequence,SQ,"[(0008,0100) Code Value                          SH: '125000'
(0008,0102) Coding Scheme Designator            SH: 'DCM'
(0008,0104) Code Meaning                        LO: 'OB-GYN Ultrasound Procedure Report']",1
"(0040,A050)",ContinuityOfContent,CS,SEPARATE,1
"(0040,A372)",PerformedProcedureCodeSequence,SQ,[],1
"(0040,A491)",CompletionFlag,CS,PARTIAL,1
"(0040,A493)",VerificationFlag,CS,UNVERIFIED,1
"(0040,A504)",ContentTemplateSequence,SQ,"[(0008,0105) Mapping Resource                    CS: 'DCMR'
(0040,DB00) Template Identifier                 CS: '5000']",1
"(0040,A730)",ContentSequence,SQ,"[(0040,A010) Relationship Type                   CS: 'CONTAINS'
(0040,A040) Value Type                          CS: 'CONTAINER'
(0040,A043)  Concept Name Code Sequence  1 item(s) ---- 
   (0008,0100) Code Value                          SH: '121005'
   (0008,0102) Coding Scheme Designator            SH: 'DCM'
   (0008,0104) Code Meaning                        LO: 'Observer Type'
   ---------
(0040,A050) Continuity Of Content               CS: 'SEPARATE'
(0040,A730)  Content Sequence  2 item(s) ---- 
   (0040,A010) Relationship Type                   CS: 'HAS OBS CONTEXT'
   (0040,A040) Value Type                          CS: 'PNAME'
   (0040,A043)  Concept Name Code Sequence  1 item(s) ---- 
      (0008,0100) Code Value                          SH: '121008'
      (0008,0102) Coding Scheme Designator            SH: 'DCM'
      (0008,0104) Code Meaning                        LO: 'Person Observer Name'
      ---------
   (0040,A123) Person Name                         PN: '01'
   ---------
   (0040,A010) Relationship Type                   CS: 'HAS OBS CONTEXT'
   (0040,A040) Value Type                          CS: 'CODE'
   (0040,A043)  Concept Name Code Sequence  1 item(s) ---- 
      (0008,0100) Code Value                          SH: '121010'
      (0008,0102) Coding Scheme Designator            SH: 'DCM'
      (0008,0104) Code Meaning                        LO: 'Person Observations Role in the Organisation'
      ---------
   (0040,A168)  Concept Code Sequence  1 item(s) ---- 
      (0008,0100) Code Value                          SH: '121093'
      (0008,0102) Coding Scheme Designator            SH: 'DCM'
      (0008,0104) Code Meaning                        LO: 'Sonographer'
      ---------
   ---------(0040,A010) Relationship Type                   CS: 'CONTAINS'
(0040,A040) Value Type                          CS: 'CONTAINER'
(0040,A043)  Concept Name Code Sequence  1 item(s) ---- 
   (0008,0100) Code Value                          SH: '121118'
   (0008,0102) Coding Scheme Designator            SH: 'DCM'
   (0008,0104) Code Meaning                        LO: 'Patient Characteristics'
   ---------
(0040,A050) Continuity Of Content               CS: 'SEPARATE'
(0040,A730)  Content Sequence  3 item(s) ---- 
   (0040,A010) Relationship Type                   CS: 'CONTAINS'
   (0040,A040) Value Type                          CS: 'NUM'
   (0040,A043)  Concept Name Code Sequence  1 item(s) ---- 
      (0008,0100) Code Value                          SH: '11996-6'
      (0008,0102) Coding Scheme Designator            SH: 'LN'
      (0008,0104) Code Meaning                        LO: 'Gravida'
      ---------
   (0040,A300)  Measured Value Sequence  1 item(s) ---- 
      (0040,08EA)  Measurement Units Code Sequence  1 item(s) ---- 
         (0008,0100) Code Value                          SH: '1'
         (0008,0102) Coding Scheme Designator            SH: 'UCUM'
         (0008,0103) Coding Scheme Version               SH: '1.4'
         (0008,0104) Code Meaning                        LO: 'no unit'
         ---------
      (0040,A30A) Numeric Value                       DS: '6'
      ---------
   ---------
   (0040,A010) Relationship Type                   CS: 'CONTAINS'
   (0040,A040) Value Type                          CS: 'NUM'
   (0040,A043)  Concept Name Code Sequence  1 item(s) ---- 
      (0008,0100) Code Value                          SH: '11977-6'
      (0008,0102) Coding Scheme Designator            SH: 'LN'
      (0008,0104) Code Meaning                        LO: 'Para'
      ---------
   (0040,A300)  Measured Value Sequence  1 item(s) ---- 
      (0040,08EA)  Measurement Units Code Sequence  1 item(s) ---- 
         (0008,0100) Code Value                          SH: '1'
         (0008,0102) Coding Scheme Designator            SH: 'UCUM'
         (0008,0103) Coding Scheme Version               SH: '1.4'
         (0008,0104) Code Meaning                        LO: 'no unit'
         ---------
      (0040,A30A) Numeric Value                       DS: '4'
      ---------
   ---------
   (0040,A010) Relationship Type                   CS: 'CONTAINS'
   (0040,A040) Value Type                          CS: 'NUM'
   (0040,A043)  Concept Name Code Sequence  1 item(s) ---- 
      (0008,0100) Code Value                          SH: '11612-9'
      (0008,0102) Coding Scheme Designator            SH: 'LN'
      (0008,0104) Code Meaning                        LO: 'Aborta'
      ---------
   (0040,A300)  Measured Value Sequence  1 item(s) ---- 
      (0040,08EA)  Measurement Units Code Sequence  1 item(s) ---- 
         (0008,0100) Code Value                          SH: '1'
         (0008,0102) Coding Scheme Designator            SH: 'UCUM'
         (0008,0103) Coding Scheme Version               SH: '1.4'
         (0008,0104) Code Meaning                        LO: 'no unit'
         ---------
      (0040,A30A) Numeric Value                       DS: '1'
      ---------
   ---------(0040,A010) Relationship Type                   CS: 'CONTAINS'
(0040,A040) Value Type                          CS: 'CONTAINER'
(0040,A043)  Concept Name Code Sequence  1 item(s) ---- 
   (0008,0100) Code Value                          SH: '121111'
   (0008,0102) Coding Scheme Designator            SH: 'DCM'
   (0008,0104) Code Meaning                        LO: 'Summary'
   ---------
(0040,A050) Continuity Of Content               CS: 'SEPARATE'
(0040,A730)  Content Sequence  2 item(s) ---- 
   (0040,A010) Relationship Type                   CS: 'CONTAINS'
   (0040,A040) Value Type                          CS: 'DATE'
   (0040,A043)  Concept Name Code Sequence  1 item(s) ---- 
      (0008,0100) Code Value                          SH: '11778-8'
      (0008,0102) Coding Scheme Designator            SH: 'LN'
      (0008,0104) Code Meaning                        LO: 'EDD'
      ---------
   (0040,A121) Date                                DA: '20260328'
   ---------
   (0040,A010) Relationship Type                   CS: 'CONTAINS'
   (0040,A040) Value Type                          CS: 'NUM'
   (0040,A043)  Concept Name Code Sequence  1 item(s) ---- 
      (0008,0100) Code Value                          SH: '99005-2'
      (0008,0102) Coding Scheme Designator            SH: 'GEK'
      (0008,0104) Code Meaning                        LO: 'Gestational Age by EDD'
      ---------
   (0040,A300)  Measured Value Sequence  1 item(s) ---- 
      (0040,08EA)  Measurement Units Code Sequence  1 item(s) ---- 
         (0008,0100) Code Value                          SH: 'days'
         (0008,0102) Coding Scheme Designator            SH: 'UCUM'
         (0008,0103) Coding Scheme Version               SH: '1.4'
         (0008,0104) Code Meaning                        LO: 'days'
         ---------
      (0040,A30A) Numeric Value                       DS: '135'
      ---------
   ---------(0040,A010) Relationship Type                   CS: 'CONTAINS'
(0040,A040) Value Type                          CS: 'CONTAINER'
(0040,A043)  Concept Name Code Sequence  1 item(s) ---- 
   (0008,0100) Code Value                          SH: '125008'
   (0008,0102) Coding Scheme Designator            SH: 'DCM'
   (0008,0104) Code Meaning                        LO: 'Fetus Summary'
   ---------
(0040,A050) Continuity Of Content               CS: 'SEPARATE'
(0040,A730)  Content Sequence  6 item(s) ---- 
   (0040,A010) Relationship Type                   CS: 'HAS OBS CONTEXT'
   (0040,A040) Value Type                          CS: 'TEXT'
   (0040,A043)  Concept Name Code Sequence  1 item(s) ---- 
      (0008,0100) Code Value                          SH: '11951-1'
      (0008,0102) Coding Scheme Designator            SH: 'LN'
      (0008,0104) Code Meaning                        LO: 'Fetus ID'
      ---------
   (0040,A160) Text Value                          UT: '1'
   ---------
   (0040,A010) Relationship Type                   CS: 'CONTAINS'
   (0040,A040) Value Type                          CS: 'NUM'
   (0040,A043)  Concept Name Code Sequence  1 item(s) ---- 
      (0008,0100) Code Value                          SH: '11727-5'
      (0008,0102) Coding Scheme Designator            SH: 'LN'
      (0008,0104) Code Meaning                        LO: 'Estimated Weight'
      ---------
   (0040,A300)  Measured Value Sequence  1 item(s) ---- 
      (0040,08EA)  Measurement Units Code Sequence  1 item(s) ---- 
         (0008,0100) Code Value                          SH: 'g'
         (0008,0102) Coding Scheme Designator            SH: 'UCUM'
         (0008,0103) Coding Scheme Version               SH: '1.4'
         (0008,0104) Code Meaning                        LO: 'g'
         ---------
      (0040,A30A) Numeric Value                       DS: '300'
      ---------
   (0040,A730)  Content Sequence  1 item(s) ---- 
      (0040,A010) Relationship Type                   CS: 'INFERRED FROM'
      (0040,A040) Value Type                          CS: 'CODE'
      (0040,A043)  Concept Name Code Sequence  1 item(s) ---- 
         (0008,0100) Code Value                          SH: '121420'
         (0008,0102) Coding Scheme Designator            SH: 'DCM'
         (0008,0104) Code Meaning                        LO: 'Equation'
         ---------
      (0040,A168)  Concept Code Sequence  1 item(s) ---- 
         (0008,0100) Code Value                          SH: '11732-5'
         (0008,0102) Coding Scheme Designator            SH: 'LN'
         (0008,0104) Code Meaning                        LO: 'EFW by AC, BPD, FL, HC, Hadlock 1985'
         ---------
      ---------
   ---------
   (0040,A010) Relationship Type                   CS: 'CONTAINS'
   (0040,A040) Value Type                          CS: 'NUM'
   (0040,A043)  Concept Name Code Sequence  1 item(s) ---- 
      (0008,0100) Code Value                          SH: '99005-4'
      (0008,0102) Coding Scheme Designator            SH: 'GEK'
      (0008,0104) Code Meaning                        LO: 'Gestational Age by EFW'
      ---------
   (0040,A300)  Measured Value Sequence  1 item(s) ---- 
      (0040,08EA)  Measurement Units Code Sequence  1 item(s) ---- 
         (0008,0100) Code Value                          SH: 'days'
         (0008,0102) Coding Scheme Designator            SH: 'UCUM'
         (0008,0103) Coding Scheme Version               SH: '1.4'
         (0008,0104) Code Meaning                        LO: 'days'
         ---------
      (0040,A30A) Numeric Value                       DS: '136'
      ---------
   (0040,A730)  Content Sequence  1 item(s) ---- 
      (0040,A010) Relationship Type                   CS: 'INFERRED FROM'
      (0040,A040) Value Type                          CS: 'CODE'
      (0040,A043)  Concept Name Code Sequence  1 item(s) ---- 
         (0008,0100) Code Value                          SH: '121420'
         (0008,0102) Coding Scheme Designator            SH: 'DCM'
         (0008,0104) Code Meaning                        LO: 'Equation'
         ---------
      (0040,A168)  Concept Code Sequence  1 item(s) ---- 
         (0008,0100) Code Value                          SH: '99323-0'
         (0008,0102) Coding Scheme Designator            SH: 'GEK'
         (0008,0104) Code Meaning                        LO: 'EFW, Hadlock 1991'
         ---------
      ---------
   ---------
   (0040,A010) Relationship Type                   CS: 'CONTAINS'
   (0040,A040) Value Type                          CS: 'NUM'
   (0040,A043)  Concept Name Code Sequence  1 item(s) ---- 
      (0008,0100) Code Value                          SH: '11767-1'
      (0008,0102) Coding Scheme Designator            SH: 'LN'
      (0008,0104) Code Meaning                        LO: 'EFW percentile rank'
      ---------
   (0040,A300)  Measured Value Sequence  1 item(s) ---- 
      (0040,08EA)  Measurement Units Code Sequence  1 item(s) ---- 
         (0008,0100) Code Value                          SH: '%'
         (0008,0102) Coding Scheme Designator            SH: 'UCUM'
         (0008,0103) Coding Scheme Version               SH: '1.4'
         (0008,0104) Code Meaning                        LO: '%'
         ---------
      (0040,A30A) Numeric Value                       DS: '60.8'
      ---------
   (0040,A730)  Content Sequence  2 item(s) ---- 
      (0040,A010) Relationship Type                   CS: 'INFERRED FROM'
      (0040,A040) Value Type                          CS: 'NUM'
      (0040,A043)  Concept Name Code Sequence  1 item(s) ---- 
         (0008,0100) Code Value                          SH: '121414'
         (0008,0102) Coding Scheme Designator            SH: 'DCM'
         (0008,0104) Code Meaning                        LO: 'Standard deviation of population'
         ---------
      (0040,A300)  Measured Value Sequence  1 item(s) ---- 
         (0040,08EA)  Measurement Units Code Sequence  1 item(s) ---- 
            (0008,0100) Code Value                          SH: '%'
            (0008,0102) Coding Scheme Designator            SH: 'UCUM'
            (0008,0103) Coding Scheme Version               SH: '1.4'
            (0008,0104) Code Meaning                        LO: '%'
            ---------
         (0040,A30A) Numeric Value                       DS: '60.8'
         ---------
      (0040,A730)  Content Sequence  1 item(s) ---- 
         (0040,A010) Relationship Type                   CS: 'HAS PROPERTIES'
         (0040,A040) Value Type                          CS: 'CODE'
         (0040,A043)  Concept Name Code Sequence  1 item(s) ---- 
            (0008,0100) Code Value                          SH: '121402'
            (0008,0102) Coding Scheme Designator            SH: 'DCM'
            (0008,0104) Code Meaning                        LO: 'Normality'
            ---------
         (0040,A168)  Concept Code Sequence  1 item(s) ---- 
            (0008,0100) Code Value                          SH: 'G-A460'
            (0008,0102) Coding Scheme Designator            SH: 'SRT'
            (0008,0104) Code Meaning                        LO: 'Normal'
            ---------
         ---------
      ---------
      (0040,A010) Relationship Type                   CS: 'INFERRED FROM'
      (0040,A040) Value Type                          CS: 'CODE'
      (0040,A043)  Concept Name Code Sequence  1 item(s) ---- 
         (0008,0100) Code Value                          SH: '121420'
         (0008,0102) Coding Scheme Designator            SH: 'DCM'
         (0008,0104) Code Meaning                        LO: 'Equation'
         ---------
      (0040,A168)  Concept Code Sequence  1 item(s) ---- 
         (0008,0100) Code Value                          SH: '33183-5'
         (0008,0102) Coding Scheme Designator            SH: 'LN'
         (0008,0104) Code Meaning                        LO: 'FWP by GA, Hadlock 1991'
         ---------
      ---------
   ---------
   (0040,A010) Relationship Type                   CS: 'CONTAINS'
   (0040,A040) Value Type                          CS: 'NUM'
   (0040,A043)  Concept Name Code Sequence  1 item(s) ---- 
      (0008,0100) Code Value                          SH: '11884-4'
      (0008,0102) Coding Scheme Designator            SH: 'LN'
      (0008,0104) Code Meaning                        LO: 'Average Ultrasound Age'
      ---------
   (0040,A300)  Measured Value Sequence  1 item(s) ---- 
      (0040,08EA)  Measurement Units Code Sequence  1 item(s) ---- 
         (0008,0100) Code Value                          SH: 'days'
         (0008,0102) Coding Scheme Designator            SH: 'UCUM'
         (0008,0103) Coding Scheme Version               SH: '1.4'
         (0008,0104) Code Meaning                        LO: 'days'
         ---------
      (0040,A30A) Numeric Value                       DS: '136'
      ---------
   ---------
   (0040,A010) Relationship Type                   CS: 'CONTAINS'
   (0040,A040) Value Type                          CS: 'DATE'
   (0040,A043)  Concept Name Code Sequence  1 item(s) ---- 
      (0008,0100) Code Value                          SH: '11781-2'
      (0008,0102) Coding Scheme Designator            SH: 'LN'
      (0008,0104) Code Meaning                        LO: 'EDD from average ultrasound age'
      ---------
   (0040,A121) Date                                DA: '20260327'
   ---------(0040,A010) Relationship Type                   CS: 'CONTAINS'
(0040,A040) Value Type                          CS: 'CONTAINER'
(0040,A043)  Concept Name Code Sequence  1 item(s) ---- 
   (0008,0100) Code Value                          SH: '125001'
   (0008,0102) Coding Scheme Designator            SH: 'DCM'
   (0008,0104) Code Meaning                        LO: 'Fetus Biometry Ratios'
   ---------
(0040,A050) Continuity Of Content               CS: 'SEPARATE'
(0040,A730)  Content Sequence  6 item(s) ---- 
   (0040,A010) Relationship Type                   CS: 'HAS OBS CONTEXT'
   (0040,A040) Value Type                          CS: 'TEXT'
   (0040,A043)  Concept Name Code Sequence  1 item(s) ---- 
      (0008,0100) Code Value                          SH: '11951-1'
      (0008,0102) Coding Scheme Designator            SH: 'LN'
      (0008,0104) Code Meaning                        LO: 'Fetus ID'
      ---------
   (0040,A160) Text Value                          UT: '1'
   ---------
   (0040,A010) Relationship Type                   CS: 'CONTAINS'
   (0040,A040) Value Type                          CS: 'NUM'
   (0040,A043)  Concept Name Code Sequence  1 item(s) ---- 
      (0008,0100) Code Value                          SH: '11823-2'
      (0008,0102) Coding Scheme Designator            SH: 'LN'
      (0008,0104) Code Meaning                        LO: 'Cephalic Index'
      ---------
   (0040,A300)  Measured Value Sequence  1 item(s) ---- 
      (0040,08EA)  Measurement Units Code Sequence  1 item(s) ---- 
         (0008,0100) Code Value                          SH: '%'
         (0008,0102) Coding Scheme Designator            SH: 'UCUM'
         (0008,0103) Coding Scheme Version               SH: '1.4'
         (0008,0104) Code Meaning                        LO: '%'
         ---------
      (0040,A30A) Numeric Value                       DS: '75.65'
      ---------
   (0040,A730)  Content Sequence  2 item(s) ---- 
      (0040,A010) Relationship Type                   CS: 'HAS PROPERTIES'
      (0040,A040) Value Type                          CS: 'NUM'
      (0040,A043)  Concept Name Code Sequence  1 item(s) ---- 
         (0008,0100) Code Value                          SH: 'R-10041'
         (0008,0102) Coding Scheme Designator            SH: 'SRT'
         (0008,0104) Code Meaning                        LO: 'Normal Range Lower Limit'
         ---------
      (0040,A300)  Measured Value Sequence  1 item(s) ---- 
         (0040,08EA)  Measurement Units Code Sequence  1 item(s) ---- 
            (0008,0100) Code Value                          SH: '%'
            (0008,0102) Coding Scheme Designator            SH: 'UCUM'
            (0008,0103) Coding Scheme Version               SH: '1.4'
            (0008,0104) Code Meaning                        LO: '%'
            ---------
         (0040,A30A) Numeric Value                       DS: '70'
         ---------
      ---------
      (0040,A010) Relationship Type                   CS: 'HAS PROPERTIES'
      (0040,A040) Value Type                          CS: 'NUM'
      (0040,A043)  Concept Name Code Sequence  1 item(s) ---- 
         (0008,0100) Code Value                          SH: 'R-0038B'
         (0008,0102) Coding Scheme Designator            SH: 'SRT'
         (0008,0104) Code Meaning                        LO: 'Normal Range Upper Limit'
         ---------
      (0040,A300)  Measured Value Sequence  1 item(s) ---- 
         (0040,08EA)  Measurement Units Code Sequence  1 item(s) ---- 
            (0008,0100) Code Value                          SH: '%'
            (0008,0102) Coding Scheme Designator            SH: 'UCUM'
            (0008,0103) Coding Scheme Version               SH: '1.4'
            (0008,0104) Code Meaning                        LO: '%'
            ---------
         (0040,A30A) Numeric Value                       DS: '86'
         ---------
      ---------
   ---------
   (0040,A010) Relationship Type                   CS: 'CONTAINS'
   (0040,A040) Value Type                          CS: 'NUM'
   (0040,A043)  Concept Name Code Sequence  1 item(s) ---- 
      (0008,0100) Code Value                          SH: '11871-1'
      (0008,0102) Coding Scheme Designator            SH: 'LN'
      (0008,0104) Code Meaning                        LO: 'FL/AC'
      ---------
   (0040,A300)  Measured Value Sequence  1 item(s) ---- 
      (0040,08EA)  Measurement Units Code Sequence  1 item(s) ---- 
         (0008,0100) Code Value                          SH: '%'
         (0008,0102) Coding Scheme Designator            SH: 'UCUM'
         (0008,0103) Coding Scheme Version               SH: '1.4'
         (0008,0104) Code Meaning                        LO: '%'
         ---------
      (0040,A30A) Numeric Value                       DS: '22.09'
      ---------
   (0040,A730)  Content Sequence  2 item(s) ---- 
      (0040,A010) Relationship Type                   CS: 'HAS PROPERTIES'
      (0040,A040) Value Type                          CS: 'NUM'
      (0040,A043)  Concept Name Code Sequence  1 item(s) ---- 
         (0008,0100) Code Value                          SH: 'R-10041'
         (0008,0102) Coding Scheme Designator            SH: 'SRT'
         (0008,0104) Code Meaning                        LO: 'Normal Range Lower Limit'
         ---------
      (0040,A300)  Measured Value Sequence  1 item(s) ---- 
         (0040,08EA)  Measurement Units Code Sequence  1 item(s) ---- 
            (0008,0100) Code Value                          SH: '%'
            (0008,0102) Coding Scheme Designator            SH: 'UCUM'
            (0008,0103) Coding Scheme Version               SH: '1.4'
            (0008,0104) Code Meaning                        LO: '%'
            ---------
         (0040,A30A) Numeric Value                       DS: '20'
         ---------
      ---------
      (0040,A010) Relationship Type                   CS: 'HAS PROPERTIES'
      (0040,A040) Value Type                          CS: 'NUM'
      (0040,A043)  Concept Name Code Sequence  1 item(s) ---- 
         (0008,0100) Code Value                          SH: 'R-0038B'
         (0008,0102) Coding Scheme Designator            SH: 'SRT'
         (0008,0104) Code Meaning                        LO: 'Normal Range Upper Limit'
         ---------
      (0040,A300)  Measured Value Sequence  1 item(s) ---- 
         (0040,08EA)  Measurement Units Code Sequence  1 item(s) ---- 
            (0008,0100) Code Value                          SH: '%'
            (0008,0102) Coding Scheme Designator            SH: 'UCUM'
            (0008,0103) Coding Scheme Version               SH: '1.4'
            (0008,0104) Code Meaning                        LO: '%'
            ---------
         (0040,A30A) Numeric Value                       DS: '24'
         ---------
      ---------
   ---------
   (0040,A010) Relationship Type                   CS: 'CONTAINS'
   (0040,A040) Value Type                          CS: 'NUM'
   (0040,A043)  Concept Name Code Sequence  1 item(s) ---- 
      (0008,0100) Code Value                          SH: '11872-9'
      (0008,0102) Coding Scheme Designator            SH: 'LN'
      (0008,0104) Code Meaning                        LO: 'FL/BPD'
      ---------
   (0040,A300)  Measured Value Sequence  1 item(s) ---- 
      (0040,08EA)  Measurement Units Code Sequence  1 item(s) ---- 
         (0008,0100) Code Value                          SH: '%'
         (0008,0102) Coding Scheme Designator            SH: 'UCUM'
         (0008,0103) Coding Scheme Version               SH: '1.4'
         (0008,0104) Code Meaning                        LO: '%'
         ---------
      (0040,A30A) Numeric Value                       DS: '71.46'
      ---------
   ---------
   (0040,A010) Relationship Type                   CS: 'CONTAINS'
   (0040,A040) Value Type                          CS: 'NUM'
   (0040,A043)  Concept Name Code Sequence  1 item(s) ---- 
      (0008,0100) Code Value                          SH: '11873-7'
      (0008,0102) Coding Scheme Designator            SH: 'LN'
      (0008,0104) Code Meaning                        LO: 'FL/HC'
      ---------
   (0040,A300)  Measured Value Sequence  1 item(s) ---- 
      (0040,08EA)  Measurement Units Code Sequence  1 item(s) ---- 
         (0008,0100) Code Value                          SH: '1'
         (0008,0102) Coding Scheme Designator            SH: 'UCUM'
         (0008,0103) Coding Scheme Version               SH: '1.4'
         (0008,0104) Code Meaning                        LO: 'no unit'
         ---------
      (0040,A30A) Numeric Value                       DS: '0.19'
      ---------
   (0040,A730)  Content Sequence  3 item(s) ---- 
      (0040,A010) Relationship Type                   CS: 'INFERRED FROM'
      (0040,A040) Value Type                          CS: 'CODE'
      (0040,A043)  Concept Name Code Sequence  1 item(s) ---- 
         (0008,0100) Code Value                          SH: '99324-1'
         (0008,0102) Coding Scheme Designator            SH: 'GEK'
         (0008,0104) Code Meaning                        LO: 'FL/HC, Hadlock 1984'
         ---------
      (0040,A168)  Concept Code Sequence  1 item(s) ---- 
         (0008,0100) Code Value                          SH: '121424'
         (0008,0102) Coding Scheme Designator            SH: 'DCM'
         (0008,0104) Code Meaning                        LO: 'Table of Values'
         ---------
      ---------
      (0040,A010) Relationship Type                   CS: 'HAS PROPERTIES'
      (0040,A040) Value Type                          CS: 'NUM'
      (0040,A043)  Concept Name Code Sequence  1 item(s) ---- 
         (0008,0100) Code Value                          SH: 'R-10041'
         (0008,0102) Coding Scheme Designator            SH: 'SRT'
         (0008,0104) Code Meaning                        LO: 'Normal Range Lower Limit'
         ---------
      (0040,A300)  Measured Value Sequence  1 item(s) ---- 
         (0040,08EA)  Measurement Units Code Sequence  1 item(s) ---- 
            (0008,0100) Code Value                          SH: '%'
            (0008,0102) Coding Scheme Designator            SH: 'UCUM'
            (0008,0103) Coding Scheme Version               SH: '1.4'
            (0008,0104) Code Meaning                        LO: '%'
            ---------
         (0040,A30A) Numeric Value                       DS: '0.16'
         ---------
      ---------
      (0040,A010) Relationship Type                   CS: 'HAS PROPERTIES'
      (0040,A040) Value Type                          CS: 'NUM'
      (0040,A043)  Concept Name Code Sequence  1 item(s) ---- 
         (0008,0100) Code Value                          SH: 'R-0038B'
         (0008,0102) Coding Scheme Designator            SH: 'SRT'
         (0008,0104) Code Meaning                        LO: 'Normal Range Upper Limit'
         ---------
      (0040,A300)  Measured Value Sequence  1 item(s) ---- 
         (0040,08EA)  Measurement Units Code Sequence  1 item(s) ---- 
            (0008,0100) Code Value                          SH: '%'
            (0008,0102) Coding Scheme Designator            SH: 'UCUM'
            (0008,0103) Coding Scheme Version               SH: '1.4'
            (0008,0104) Code Meaning                        LO: '%'
            ---------
         (0040,A30A) Numeric Value                       DS: '0.19'
         ---------
      ---------
   ---------
   (0040,A010) Relationship Type                   CS: 'CONTAINS'
   (0040,A040) Value Type                          CS: 'NUM'
   (0040,A043)  Concept Name Code Sequence  1 item(s) ---- 
      (0008,0100) Code Value                          SH: '11947-9'
      (0008,0102) Coding Scheme Designator            SH: 'LN'
      (0008,0104) Code Meaning                        LO: 'HC/AC'
      ---------
   (0040,A300)  Measured Value Sequence  1 item(s) ---- 
      (0040,08EA)  Measurement Units Code Sequence  1 item(s) ---- 
         (0008,0100) Code Value                          SH: '1'
         (0008,0102) Coding Scheme Designator            SH: 'UCUM'
         (0008,0103) Coding Scheme Version               SH: '1.4'
         (0008,0104) Code Meaning                        LO: 'no unit'
         ---------
      (0040,A30A) Numeric Value                       DS: '1.16'
      ---------
   (0040,A730)  Content Sequence  3 item(s) ---- 
      (0040,A010) Relationship Type                   CS: 'INFERRED FROM'
      (0040,A040) Value Type                          CS: 'CODE'
      (0040,A043)  Concept Name Code Sequence  1 item(s) ---- 
         (0008,0100) Code Value                          SH: '99324-0'
         (0008,0102) Coding Scheme Designator            SH: 'GEK'
         (0008,0104) Code Meaning                        LO: 'HC/AC, Campbell 1977'
         ---------
      (0040,A168)  Concept Code Sequence  1 item(s) ---- 
         (0008,0100) Code Value                          SH: '121424'
         (0008,0102) Coding Scheme Designator            SH: 'DCM'
         (0008,0104) Code Meaning                        LO: 'Table of Values'
         ---------
      ---------
      (0040,A010) Relationship Type                   CS: 'HAS PROPERTIES'
      (0040,A040) Value Type                          CS: 'NUM'
      (0040,A043)  Concept Name Code Sequence  1 item(s) ---- 
         (0008,0100) Code Value                          SH: 'R-10041'
         (0008,0102) Coding Scheme Designator            SH: 'SRT'
         (0008,0104) Code Meaning                        LO: 'Normal Range Lower Limit'
         ---------
      (0040,A300)  Measured Value Sequence  1 item(s) ---- 
         (0040,08EA)  Measurement Units Code Sequence  1 item(s) ---- 
            (0008,0100) Code Value                          SH: '%'
            (0008,0102) Coding Scheme Designator            SH: 'UCUM'
            (0008,0103) Coding Scheme Version               SH: '1.4'
            (0008,0104) Code Meaning                        LO: '%'
            ---------
         (0040,A30A) Numeric Value                       DS: '1.09'
         ---------
      ---------
      (0040,A010) Relationship Type                   CS: 'HAS PROPERTIES'
      (0040,A040) Value Type                          CS: 'NUM'
      (0040,A043)  Concept Name Code Sequence  1 item(s) ---- 
         (0008,0100) Code Value                          SH: 'R-0038B'
         (0008,0102) Coding Scheme Designator            SH: 'SRT'
         (0008,0104) Code Meaning                        LO: 'Normal Range Upper Limit'
         ---------
      (0040,A300)  Measured Value Sequence  1 item(s) ---- 
         (0040,08EA)  Measurement Units Code Sequence  1 item(s) ---- 
            (0008,0100) Code Value                          SH: '%'
            (0008,0102) Coding Scheme Designator            SH: 'UCUM'
            (0008,0103) Coding Scheme Version               SH: '1.4'
            (0008,0104) Code Meaning                        LO: '%'
            ---------
         (0040,A30A) Numeric Value                       DS: '1.26'
         ---------
      ---------
   ---------(0040,A010) Relationship Type                   CS: 'CONTAINS'
(0040,A040) Value Type                          CS: 'CONTAINER'
(0040,A043)  Concept Name Code Sequence  1 item(s) ---- 
   (0008,0100) Code Value                          SH: '125002'
   (0008,0102) Coding Scheme Designator            SH: 'DCM'
   (0008,0104) Code Meaning                        LO: 'Fetal Biometry'
   ---------
(0040,A050) Continuity Of Content               CS: 'SEPARATE'
(0040,A730)  Content Sequence  11 item(s) ---- 
   (0040,A010) Relationship Type                   CS: 'HAS OBS CONTEXT'
   (0040,A040) Value Type                          CS: 'TEXT'
   (0040,A043)  Concept Name Code Sequence  1 item(s) ---- 
      (0008,0100) Code Value                          SH: '11951-1'
      (0008,0102) Coding Scheme Designator            SH: 'LN'
      (0008,0104) Code Meaning                        LO: 'Fetus ID'
      ---------
   (0040,A160) Text Value                          UT: '1'
   ---------
   (0040,A010) Relationship Type                   CS: 'CONTAINS'
   (0040,A040) Value Type                          CS: 'CONTAINER'
   (0040,A043)  Concept Name Code Sequence  1 item(s) ---- 
      (0008,0100) Code Value                          SH: '125005'
      (0008,0102) Coding Scheme Designator            SH: 'DCM'
      (0008,0104) Code Meaning                        LO: 'Biometry Group'
      ---------
   (0040,A050) Continuity Of Content               CS: 'SEPARATE'
   (0040,A730)  Content Sequence  4 item(s) ---- 
      (0040,A010) Relationship Type                   CS: 'CONTAINS'
      (0040,A040) Value Type                          CS: 'NUM'
      (0040,A043)  Concept Name Code Sequence  1 item(s) ---- 
         (0008,0100) Code Value                          SH: '11979-2'
         (0008,0102) Coding Scheme Designator            SH: 'LN'
         (0008,0104) Code Meaning                        LO: 'Abdominal Circumference'
         ---------
      (0040,A300)  Measured Value Sequence  1 item(s) ---- 
         (0040,08EA)  Measurement Units Code Sequence  1 item(s) ---- 
            (0008,0100) Code Value                          SH: 'mm'
            (0008,0102) Coding Scheme Designator            SH: 'UCUM'
            (0008,0103) Coding Scheme Version               SH: '1.4'
            (0008,0104) Code Meaning                        LO: 'mm'
            ---------
         (0040,A30A) Numeric Value                       DS: '141.71'
         ---------
      ---------
      (0040,A010) Relationship Type                   CS: 'CONTAINS'
      (0040,A040) Value Type                          CS: 'NUM'
      (0040,A043)  Concept Name Code Sequence  1 item(s) ---- 
         (0008,0100) Code Value                          SH: '11979-2'
         (0008,0102) Coding Scheme Designator            SH: 'LN'
         (0008,0104) Code Meaning                        LO: 'Abdominal Circumference'
         ---------
      (0040,A300)  Measured Value Sequence  1 item(s) ---- 
         (0040,08EA)  Measurement Units Code Sequence  1 item(s) ---- 
            (0008,0100) Code Value                          SH: 'mm'
            (0008,0102) Coding Scheme Designator            SH: 'UCUM'
            (0008,0103) Coding Scheme Version               SH: '1.4'
            (0008,0104) Code Meaning                        LO: 'mm'
            ---------
         (0040,A30A) Numeric Value                       DS: '141.71'
         ---------
      (0040,A730)  Content Sequence  1 item(s) ---- 
         (0040,A010) Relationship Type                   CS: 'HAS CONCEPT MOD'
         (0040,A040) Value Type                          CS: 'CODE'
         (0040,A043)  Concept Name Code Sequence  1 item(s) ---- 
            (0008,0100) Code Value                          SH: '121401'
            (0008,0102) Coding Scheme Designator            SH: 'DCM'
            (0008,0104) Code Meaning                        LO: 'Derivation'
            ---------
         (0040,A168)  Concept Code Sequence  1 item(s) ---- 
            (0008,0100) Code Value                          SH: 'R-00317'
            (0008,0102) Coding Scheme Designator            SH: 'SRT'
            (0008,0104) Code Meaning                        LO: 'Mean'
            ---------
         ---------
      ---------
      (0040,A010) Relationship Type                   CS: 'CONTAINS'
      (0040,A040) Value Type                          CS: 'NUM'
      (0040,A043)  Concept Name Code Sequence  1 item(s) ---- 
         (0008,0100) Code Value                          SH: '18185-9'
         (0008,0102) Coding Scheme Designator            SH: 'LN'
         (0008,0104) Code Meaning                        LO: 'Gestational Age'
         ---------
      (0040,A300)  Measured Value Sequence  1 item(s) ---- 
         (0040,08EA)  Measurement Units Code Sequence  1 item(s) ---- 
            (0008,0100) Code Value                          SH: 'd'
            (0008,0102) Coding Scheme Designator            SH: 'UCUM'
            (0008,0103) Coding Scheme Version               SH: '1.4'
            (0008,0104) Code Meaning                        LO: 'days'
            ---------
         (0040,A30A) Numeric Value                       DS: '137'
         ---------
      (0040,A730)  Content Sequence  2 item(s) ---- 
         (0040,A010) Relationship Type                   CS: 'INFERRED FROM'
         (0040,A040) Value Type                          CS: 'NUM'
         (0040,A043)  Concept Name Code Sequence  1 item(s) ---- 
            (0008,0100) Code Value                          SH: '121414'
            (0008,0102) Coding Scheme Designator            SH: 'DCM'
            (0008,0104) Code Meaning                        LO: 'Standard deviation of population'
            ---------
         (0040,A300)  Measured Value Sequence  1 item(s) ---- 
            (0040,08EA)  Measurement Units Code Sequence  1 item(s) ---- 
               (0008,0100) Code Value                          SH: '%'
               (0008,0102) Coding Scheme Designator            SH: 'UCUM'
               (0008,0103) Coding Scheme Version               SH: '1.4'
               (0008,0104) Code Meaning                        LO: '%'
               ---------
            (0040,A30A) Numeric Value                       DS: '54.0'
            ---------
         (0040,A730)  Content Sequence  1 item(s) ---- 
            (0040,A010) Relationship Type                   CS: 'HAS PROPERTIES'
            (0040,A040) Value Type                          CS: 'CODE'
            (0040,A043)  Concept Name Code Sequence  1 item(s) ---- 
               (0008,0100) Code Value                          SH: '121402'
               (0008,0102) Coding Scheme Designator            SH: 'DCM'
               (0008,0104) Code Meaning                        LO: 'Normality'
               ---------
            (0040,A168)  Concept Code Sequence  1 item(s) ---- 
               (0008,0100) Code Value                          SH: 'G-A460'
               (0008,0102) Coding Scheme Designator            SH: 'SRT'
               (0008,0104) Code Meaning                        LO: 'Normal'
               ---------
            ---------
         ---------
         (0040,A010) Relationship Type                   CS: 'INFERRED FROM'
         (0040,A040) Value Type                          CS: 'CODE'
         (0040,A043)  Concept Name Code Sequence  1 item(s) ---- 
            (0008,0100) Code Value                          SH: '121420'
            (0008,0102) Coding Scheme Designator            SH: 'DCM'
            (0008,0104) Code Meaning                        LO: 'Equation'
            ---------
         (0040,A168)  Concept Code Sequence  1 item(s) ---- 
            (0008,0100) Code Value                          SH: '11892-7'
            (0008,0102) Coding Scheme Designator            SH: 'LN'
            (0008,0104) Code Meaning                        LO: 'AC, Hadlock 1984'
            ---------
         ---------
      ---------
      (0040,A010) Relationship Type                   CS: 'CONTAINS'
      (0040,A040) Value Type                          CS: 'DATE'
      (0040,A043)  Concept Name Code Sequence  1 item(s) ---- 
         (0008,0100) Code Value                          SH: '11778-8'
         (0008,0102) Coding Scheme Designator            SH: 'LN'
         (0008,0104) Code Meaning                        LO: 'EDD'
         ---------
      (0040,A121) Date                                DA: '20260326'
      ---------
   ---------
   (0040,A010) Relationship Type                   CS: 'CONTAINS'
   (0040,A040) Value Type                          CS: 'CONTAINER'
   (0040,A043)  Concept Name Code Sequence  1 item(s) ---- 
      (0008,0100) Code Value                          SH: '125005'
      (0008,0102) Coding Scheme Designator            SH: 'DCM'
      (0008,0104) Code Meaning                        LO: 'Biometry Group'
      ---------
   (0040,A050) Continuity Of Content               CS: 'SEPARATE'
   (0040,A730)  Content Sequence  4 item(s) ---- 
      (0040,A010) Relationship Type                   CS: 'CONTAINS'
      (0040,A040) Value Type                          CS: 'NUM'
      (0040,A043)  Concept Name Code Sequence  1 item(s) ---- 
         (0008,0100) Code Value                          SH: '11820-8'
         (0008,0102) Coding Scheme Designator            SH: 'LN'
         (0008,0104) Code Meaning                        LO: 'Biparietal Diameter'
         ---------
      (0040,A300)  Measured Value Sequence  1 item(s) ---- 
         (0040,08EA)  Measurement Units Code Sequence  1 item(s) ---- 
            (0008,0100) Code Value                          SH: 'mm'
            (0008,0102) Coding Scheme Designator            SH: 'UCUM'
            (0008,0103) Coding Scheme Version               SH: '1.4'
            (0008,0104) Code Meaning                        LO: 'mm'
            ---------
         (0040,A30A) Numeric Value                       DS: '43.78'
         ---------
      ---------
      (0040,A010) Relationship Type                   CS: 'CONTAINS'
      (0040,A040) Value Type                          CS: 'NUM'
      (0040,A043)  Concept Name Code Sequence  1 item(s) ---- 
         (0008,0100) Code Value                          SH: '11820-8'
         (0008,0102) Coding Scheme Designator            SH: 'LN'
         (0008,0104) Code Meaning                        LO: 'Biparietal Diameter'
         ---------
      (0040,A300)  Measured Value Sequence  1 item(s) ---- 
         (0040,08EA)  Measurement Units Code Sequence  1 item(s) ---- 
            (0008,0100) Code Value                          SH: 'mm'
            (0008,0102) Coding Scheme Designator            SH: 'UCUM'
            (0008,0103) Coding Scheme Version               SH: '1.4'
            (0008,0104) Code Meaning                        LO: 'mm'
            ---------
         (0040,A30A) Numeric Value                       DS: '43.78'
         ---------
      (0040,A730)  Content Sequence  1 item(s) ---- 
         (0040,A010) Relationship Type                   CS: 'HAS CONCEPT MOD'
         (0040,A040) Value Type                          CS: 'CODE'
         (0040,A043)  Concept Name Code Sequence  1 item(s) ---- 
            (0008,0100) Code Value                          SH: '121401'
            (0008,0102) Coding Scheme Designator            SH: 'DCM'
            (0008,0104) Code Meaning                        LO: 'Derivation'
            ---------
         (0040,A168)  Concept Code Sequence  1 item(s) ---- 
            (0008,0100) Code Value                          SH: 'R-00317'
            (0008,0102) Coding Scheme Designator            SH: 'SRT'
            (0008,0104) Code Meaning                        LO: 'Mean'
            ---------
         ---------
      ---------
      (0040,A010) Relationship Type                   CS: 'CONTAINS'
      (0040,A040) Value Type                          CS: 'NUM'
      (0040,A043)  Concept Name Code Sequence  1 item(s) ---- 
         (0008,0100) Code Value                          SH: '18185-9'
         (0008,0102) Coding Scheme Designator            SH: 'LN'
         (0008,0104) Code Meaning                        LO: 'Gestational Age'
         ---------
      (0040,A300)  Measured Value Sequence  1 item(s) ---- 
         (0040,08EA)  Measurement Units Code Sequence  1 item(s) ---- 
            (0008,0100) Code Value                          SH: 'd'
            (0008,0102) Coding Scheme Designator            SH: 'UCUM'
            (0008,0103) Coding Scheme Version               SH: '1.4'
            (0008,0104) Code Meaning                        LO: 'days'
            ---------
         (0040,A30A) Numeric Value                       DS: '135'
         ---------
      (0040,A730)  Content Sequence  2 item(s) ---- 
         (0040,A010) Relationship Type                   CS: 'INFERRED FROM'
         (0040,A040) Value Type                          CS: 'NUM'
         (0040,A043)  Concept Name Code Sequence  1 item(s) ---- 
            (0008,0100) Code Value                          SH: '121414'
            (0008,0102) Coding Scheme Designator            SH: 'DCM'
            (0008,0104) Code Meaning                        LO: 'Standard deviation of population'
            ---------
         (0040,A300)  Measured Value Sequence  1 item(s) ---- 
            (0040,08EA)  Measurement Units Code Sequence  1 item(s) ---- 
               (0008,0100) Code Value                          SH: '%'
               (0008,0102) Coding Scheme Designator            SH: 'UCUM'
               (0008,0103) Coding Scheme Version               SH: '1.4'
               (0008,0104) Code Meaning                        LO: '%'
               ---------
            (0040,A30A) Numeric Value                       DS: '48.5'
            ---------
         (0040,A730)  Content Sequence  1 item(s) ---- 
            (0040,A010) Relationship Type                   CS: 'HAS PROPERTIES'
            (0040,A040) Value Type                          CS: 'CODE'
            (0040,A043)  Concept Name Code Sequence  1 item(s) ---- 
               (0008,0100) Code Value                          SH: '121402'
               (0008,0102) Coding Scheme Designator            SH: 'DCM'
               (0008,0104) Code Meaning                        LO: 'Normality'
               ---------
            (0040,A168)  Concept Code Sequence  1 item(s) ---- 
               (0008,0100) Code Value                          SH: 'G-A460'
               (0008,0102) Coding Scheme Designator            SH: 'SRT'
               (0008,0104) Code Meaning                        LO: 'Normal'
               ---------
            ---------
         ---------
         (0040,A010) Relationship Type                   CS: 'INFERRED FROM'
         (0040,A040) Value Type                          CS: 'CODE'
         (0040,A043)  Concept Name Code Sequence  1 item(s) ---- 
            (0008,0100) Code Value                          SH: '121420'
            (0008,0102) Coding Scheme Designator            SH: 'DCM'
            (0008,0104) Code Meaning                        LO: 'Equation'
            ---------
         (0040,A168)  Concept Code Sequence  1 item(s) ---- 
            (0008,0100) Code Value                          SH: '11902-4'
            (0008,0102) Coding Scheme Designator            SH: 'LN'
            (0008,0104) Code Meaning                        LO: 'BPD, Hadlock 1984'
            ---------
         ---------
      ---------
      (0040,A010) Relationship Type                   CS: 'CONTAINS'
      (0040,A040) Value Type                          CS: 'DATE'
      (0040,A043)  Concept Name Code Sequence  1 item(s) ---- 
         (0008,0100) Code Value                          SH: '11778-8'
         (0008,0102) Coding Scheme Designator            SH: 'LN'
         (0008,0104) Code Meaning                        LO: 'EDD'
         ---------
      (0040,A121) Date                                DA: '20260328'
      ---------
   ---------
   (0040,A010) Relationship Type                   CS: 'CONTAINS'
   (0040,A040) Value Type                          CS: 'CONTAINER'
   (0040,A043)  Concept Name Code Sequence  1 item(s) ---- 
      (0008,0100) Code Value                          SH: '125005'
      (0008,0102) Coding Scheme Designator            SH: 'DCM'
      (0008,0104) Code Meaning                        LO: 'Biometry Group'
      ---------
   (0040,A050) Continuity Of Content               CS: 'SEPARATE'
   (0040,A730)  Content Sequence  5 item(s) ---- 
      (0040,A010) Relationship Type                   CS: 'CONTAINS'
      (0040,A040) Value Type                          CS: 'NUM'
      (0040,A043)  Concept Name Code Sequence  1 item(s) ---- 
         (0008,0100) Code Value                          SH: '11863-8'
         (0008,0102) Coding Scheme Designator            SH: 'LN'
         (0008,0104) Code Meaning                        LO: 'Trans Cerebellar Diameter'
         ---------
      (0040,A300)  Measured Value Sequence  1 item(s) ---- 
         (0040,08EA)  Measurement Units Code Sequence  1 item(s) ---- 
            (0008,0100) Code Value                          SH: 'mm'
            (0008,0102) Coding Scheme Designator            SH: 'UCUM'
            (0008,0103) Coding Scheme Version               SH: '1.4'
            (0008,0104) Code Meaning                        LO: 'mm'
            ---------
         (0040,A30A) Numeric Value                       DS: '20.19'
         ---------
      ---------
      (0040,A010) Relationship Type                   CS: 'CONTAINS'
      (0040,A040) Value Type                          CS: 'NUM'
      (0040,A043)  Concept Name Code Sequence  1 item(s) ---- 
         (0008,0100) Code Value                          SH: '11863-8'
         (0008,0102) Coding Scheme Designator            SH: 'LN'
         (0008,0104) Code Meaning                        LO: 'Trans Cerebellar Diameter'
         ---------
      (0040,A300)  Measured Value Sequence  1 item(s) ---- 
         (0040,08EA)  Measurement Units Code Sequence  1 item(s) ---- 
            (0008,0100) Code Value                          SH: 'mm'
            (0008,0102) Coding Scheme Designator            SH: 'UCUM'
            (0008,0103) Coding Scheme Version               SH: '1.4'
            (0008,0104) Code Meaning                        LO: 'mm'
            ---------
         (0040,A30A) Numeric Value                       DS: '20.26'
         ---------
      ---------
      (0040,A010) Relationship Type                   CS: 'CONTAINS'
      (0040,A040) Value Type                          CS: 'NUM'
      (0040,A043)  Concept Name Code Sequence  1 item(s) ---- 
         (0008,0100) Code Value                          SH: '11863-8'
         (0008,0102) Coding Scheme Designator            SH: 'LN'
         (0008,0104) Code Meaning                        LO: 'Trans Cerebellar Diameter'
         ---------
      (0040,A300)  Measured Value Sequence  1 item(s) ---- 
         (0040,08EA)  Measurement Units Code Sequence  1 item(s) ---- 
            (0008,0100) Code Value                          SH: 'mm'
            (0008,0102) Coding Scheme Designator            SH: 'UCUM'
            (0008,0103) Coding Scheme Version               SH: '1.4'
            (0008,0104) Code Meaning                        LO: 'mm'
            ---------
         (0040,A30A) Numeric Value                       DS: '20.23'
         ---------
      (0040,A730)  Content Sequence  1 item(s) ---- 
         (0040,A010) Relationship Type                   CS: 'HAS CONCEPT MOD'
         (0040,A040) Value Type                          CS: 'CODE'
         (0040,A043)  Concept Name Code Sequence  1 item(s) ---- 
            (0008,0100) Code Value                          SH: '121401'
            (0008,0102) Coding Scheme Designator            SH: 'DCM'
            (0008,0104) Code Meaning                        LO: 'Derivation'
            ---------
         (0040,A168)  Concept Code Sequence  1 item(s) ---- 
            (0008,0100) Code Value                          SH: 'R-00317'
            (0008,0102) Coding Scheme Designator            SH: 'SRT'
            (0008,0104) Code Meaning                        LO: 'Mean'
            ---------
         ---------
      ---------
      (0040,A010) Relationship Type                   CS: 'CONTAINS'
      (0040,A040) Value Type                          CS: 'NUM'
      (0040,A043)  Concept Name Code Sequence  1 item(s) ---- 
         (0008,0100) Code Value                          SH: '18185-9'
         (0008,0102) Coding Scheme Designator            SH: 'LN'
         (0008,0104) Code Meaning                        LO: 'Gestational Age'
         ---------
      (0040,A300)  Measured Value Sequence  1 item(s) ---- 
         (0040,08EA)  Measurement Units Code Sequence  1 item(s) ---- 
            (0008,0100) Code Value                          SH: 'd'
            (0008,0102) Coding Scheme Designator            SH: 'UCUM'
            (0008,0103) Coding Scheme Version               SH: '1.4'
            (0008,0104) Code Meaning                        LO: 'days'
            ---------
         (0040,A30A) Numeric Value                       DS: '136'
         ---------
      (0040,A730)  Content Sequence  2 item(s) ---- 
         (0040,A010) Relationship Type                   CS: 'INFERRED FROM'
         (0040,A040) Value Type                          CS: 'NUM'
         (0040,A043)  Concept Name Code Sequence  1 item(s) ---- 
            (0008,0100) Code Value                          SH: '121414'
            (0008,0102) Coding Scheme Designator            SH: 'DCM'
            (0008,0104) Code Meaning                        LO: 'Standard deviation of population'
            ---------
         (0040,A300)  Measured Value Sequence  1 item(s) ---- 
            (0040,08EA)  Measurement Units Code Sequence  1 item(s) ---- 
               (0008,0100) Code Value                          SH: '%'
               (0008,0102) Coding Scheme Designator            SH: 'UCUM'
               (0008,0103) Coding Scheme Version               SH: '1.4'
               (0008,0104) Code Meaning                        LO: '%'
               ---------
            (0040,A30A) Numeric Value                       DS: '58.0'
            ---------
         (0040,A730)  Content Sequence  1 item(s) ---- 
            (0040,A010) Relationship Type                   CS: 'HAS PROPERTIES'
            (0040,A040) Value Type                          CS: 'CODE'
            (0040,A043)  Concept Name Code Sequence  1 item(s) ---- 
               (0008,0100) Code Value                          SH: '121402'
               (0008,0102) Coding Scheme Designator            SH: 'DCM'
               (0008,0104) Code Meaning                        LO: 'Normality'
               ---------
            (0040,A168)  Concept Code Sequence  1 item(s) ---- 
               (0008,0100) Code Value                          SH: 'G-A460'
               (0008,0102) Coding Scheme Designator            SH: 'SRT'
               (0008,0104) Code Meaning                        LO: 'Normal'
               ---------
            ---------
         ---------
         (0040,A010) Relationship Type                   CS: 'INFERRED FROM'
         (0040,A040) Value Type                          CS: 'CODE'
         (0040,A043)  Concept Name Code Sequence  1 item(s) ---- 
            (0008,0100) Code Value                          SH: '121420'
            (0008,0102) Coding Scheme Designator            SH: 'DCM'
            (0008,0104) Code Meaning                        LO: 'Equation'
            ---------
         (0040,A168)  Concept Code Sequence  1 item(s) ---- 
            (0008,0100) Code Value                          SH: '99306-0'
            (0008,0102) Coding Scheme Designator            SH: 'GEK'
            (0008,0104) Code Meaning                        LO: 'Cerebellum, Hill'
            ---------
         ---------
      ---------
      (0040,A010) Relationship Type                   CS: 'CONTAINS'
      (0040,A040) Value Type                          CS: 'DATE'
      (0040,A043)  Concept Name Code Sequence  1 item(s) ---- 
         (0008,0100) Code Value                          SH: '11778-8'
         (0008,0102) Coding Scheme Designator            SH: 'LN'
         (0008,0104) Code Meaning                        LO: 'EDD'
         ---------
      (0040,A121) Date                                DA: '20260327'
      ---------
   ---------
   (0040,A010) Relationship Type                   CS: 'CONTAINS'
   (0040,A040) Value Type                          CS: 'CONTAINER'
   (0040,A043)  Concept Name Code Sequence  1 item(s) ---- 
      (0008,0100) Code Value                          SH: '125005'
      (0008,0102) Coding Scheme Designator            SH: 'DCM'
      (0008,0104) Code Meaning                        LO: 'Biometry Group'
      ---------
   (0040,A050) Continuity Of Content               CS: 'SEPARATE'
   (0040,A730)  Content Sequence  3 item(s) ---- 
      (0040,A010) Relationship Type                   CS: 'CONTAINS'
      (0040,A040) Value Type                          CS: 'NUM'
      (0040,A043)  Concept Name Code Sequence  1 item(s) ---- 
         (0008,0100) Code Value                          SH: '11860-4'
         (0008,0102) Coding Scheme Designator            SH: 'LN'
         (0008,0104) Code Meaning                        LO: 'Cisterna Magna'
         ---------
      (0040,A300)  Measured Value Sequence  1 item(s) ---- 
         (0040,08EA)  Measurement Units Code Sequence  1 item(s) ---- 
            (0008,0100) Code Value                          SH: 'mm'
            (0008,0102) Coding Scheme Designator            SH: 'UCUM'
            (0008,0103) Coding Scheme Version               SH: '1.4'
            (0008,0104) Code Meaning                        LO: 'mm'
            ---------
         (0040,A30A) Numeric Value                       DS: '2.80'
         ---------
      ---------
      (0040,A010) Relationship Type                   CS: 'CONTAINS'
      (0040,A040) Value Type                          CS: 'NUM'
      (0040,A043)  Concept Name Code Sequence  1 item(s) ---- 
         (0008,0100) Code Value                          SH: '11860-4'
         (0008,0102) Coding Scheme Designator            SH: 'LN'
         (0008,0104) Code Meaning                        LO: 'Cisterna Magna'
         ---------
      (0040,A300)  Measured Value Sequence  1 item(s) ---- 
         (0040,08EA)  Measurement Units Code Sequence  1 item(s) ---- 
            (0008,0100) Code Value                          SH: 'mm'
            (0008,0102) Coding Scheme Designator            SH: 'UCUM'
            (0008,0103) Coding Scheme Version               SH: '1.4'
            (0008,0104) Code Meaning                        LO: 'mm'
            ---------
         (0040,A30A) Numeric Value                       DS: '3.34'
         ---------
      ---------
      (0040,A010) Relationship Type                   CS: 'CONTAINS'
      (0040,A040) Value Type                          CS: 'NUM'
      (0040,A043)  Concept Name Code Sequence  1 item(s) ---- 
         (0008,0100) Code Value                          SH: '11860-4'
         (0008,0102) Coding Scheme Designator            SH: 'LN'
         (0008,0104) Code Meaning                        LO: 'Cisterna Magna'
         ---------
      (0040,A300)  Measured Value Sequence  1 item(s) ---- 
         (0040,08EA)  Measurement Units Code Sequence  1 item(s) ---- 
            (0008,0100) Code Value                          SH: 'mm'
            (0008,0102) Coding Scheme Designator            SH: 'UCUM'
            (0008,0103) Coding Scheme Version               SH: '1.4'
            (0008,0104) Code Meaning                        LO: 'mm'
            ---------
         (0040,A30A) Numeric Value                       DS: '3.07'
         ---------
      (0040,A730)  Content Sequence  1 item(s) ---- 
         (0040,A010) Relationship Type                   CS: 'HAS CONCEPT MOD'
         (0040,A040) Value Type                          CS: 'CODE'
         (0040,A043)  Concept Name Code Sequence  1 item(s) ---- 
            (0008,0100) Code Value                          SH: '121401'
            (0008,0102) Coding Scheme Designator            SH: 'DCM'
            (0008,0104) Code Meaning                        LO: 'Derivation'
            ---------
         (0040,A168)  Concept Code Sequence  1 item(s) ---- 
            (0008,0100) Code Value                          SH: 'R-00317'
            (0008,0102) Coding Scheme Designator            SH: 'SRT'
            (0008,0104) Code Meaning                        LO: 'Mean'
            ---------
         ---------
      ---------
   ---------
   (0040,A010) Relationship Type                   CS: 'CONTAINS'
   (0040,A040) Value Type                          CS: 'CONTAINER'
   (0040,A043)  Concept Name Code Sequence  1 item(s) ---- 
      (0008,0100) Code Value                          SH: '125005'
      (0008,0102) Coding Scheme Designator            SH: 'DCM'
      (0008,0104) Code Meaning                        LO: 'Biometry Group'
      ---------
   (0040,A050) Continuity Of Content               CS: 'SEPARATE'
   ---------
   (0040,A010) Relationship Type                   CS: 'CONTAINS'
   (0040,A040) Value Type                          CS: 'CONTAINER'
   (0040,A043)  Concept Name Code Sequence  1 item(s) ---- 
      (0008,0100) Code Value                          SH: '125005'
      (0008,0102) Coding Scheme Designator            SH: 'DCM'
      (0008,0104) Code Meaning                        LO: 'Biometry Group'
      ---------
   (0040,A050) Continuity Of Content               CS: 'SEPARATE'
   ---------
   (0040,A010) Relationship Type                   CS: 'CONTAINS'
   (0040,A040) Value Type                          CS: 'CONTAINER'
   (0040,A043)  Concept Name Code Sequence  1 item(s) ---- 
      (0008,0100) Code Value                          SH: '125005'
      (0008,0102) Coding Scheme Designator            SH: 'DCM'
      (0008,0104) Code Meaning                        LO: 'Biometry Group'
      ---------
   (0040,A050) Continuity Of Content               CS: 'SEPARATE'
   (0040,A730)  Content Sequence  4 item(s) ---- 
      (0040,A010) Relationship Type                   CS: 'CONTAINS'
      (0040,A040) Value Type                          CS: 'NUM'
      (0040,A043)  Concept Name Code Sequence  1 item(s) ---- 
         (0008,0100) Code Value                          SH: '11963-6'
         (0008,0102) Coding Scheme Designator            SH: 'LN'
         (0008,0104) Code Meaning                        LO: 'Femur Length'
         ---------
      (0040,A300)  Measured Value Sequence  1 item(s) ---- 
         (0040,08EA)  Measurement Units Code Sequence  1 item(s) ---- 
            (0008,0100) Code Value                          SH: 'mm'
            (0008,0102) Coding Scheme Designator            SH: 'UCUM'
            (0008,0103) Coding Scheme Version               SH: '1.4'
            (0008,0104) Code Meaning                        LO: 'mm'
            ---------
         (0040,A30A) Numeric Value                       DS: '31.29'
         ---------
      ---------
      (0040,A010) Relationship Type                   CS: 'CONTAINS'
      (0040,A040) Value Type                          CS: 'NUM'
      (0040,A043)  Concept Name Code Sequence  1 item(s) ---- 
         (0008,0100) Code Value                          SH: '11963-6'
         (0008,0102) Coding Scheme Designator            SH: 'LN'
         (0008,0104) Code Meaning                        LO: 'Femur Length'
         ---------
      (0040,A300)  Measured Value Sequence  1 item(s) ---- 
         (0040,08EA)  Measurement Units Code Sequence  1 item(s) ---- 
            (0008,0100) Code Value                          SH: 'mm'
            (0008,0102) Coding Scheme Designator            SH: 'UCUM'
            (0008,0103) Coding Scheme Version               SH: '1.4'
            (0008,0104) Code Meaning                        LO: 'mm'
            ---------
         (0040,A30A) Numeric Value                       DS: '31.29'
         ---------
      (0040,A730)  Content Sequence  1 item(s) ---- 
         (0040,A010) Relationship Type                   CS: 'HAS CONCEPT MOD'
         (0040,A040) Value Type                          CS: 'CODE'
         (0040,A043)  Concept Name Code Sequence  1 item(s) ---- 
            (0008,0100) Code Value                          SH: '121401'
            (0008,0102) Coding Scheme Designator            SH: 'DCM'
            (0008,0104) Code Meaning                        LO: 'Derivation'
            ---------
         (0040,A168)  Concept Code Sequence  1 item(s) ---- 
            (0008,0100) Code Value                          SH: 'R-00317'
            (0008,0102) Coding Scheme Designator            SH: 'SRT'
            (0008,0104) Code Meaning                        LO: 'Mean'
            ---------
         ---------
      ---------
      (0040,A010) Relationship Type                   CS: 'CONTAINS'
      (0040,A040) Value Type                          CS: 'NUM'
      (0040,A043)  Concept Name Code Sequence  1 item(s) ---- 
         (0008,0100) Code Value                          SH: '18185-9'
         (0008,0102) Coding Scheme Designator            SH: 'LN'
         (0008,0104) Code Meaning                        LO: 'Gestational Age'
         ---------
      (0040,A300)  Measured Value Sequence  1 item(s) ---- 
         (0040,08EA)  Measurement Units Code Sequence  1 item(s) ---- 
            (0008,0100) Code Value                          SH: 'd'
            (0008,0102) Coding Scheme Designator            SH: 'UCUM'
            (0008,0103) Coding Scheme Version               SH: '1.4'
            (0008,0104) Code Meaning                        LO: 'days'
            ---------
         (0040,A30A) Numeric Value                       DS: '138'
         ---------
      (0040,A730)  Content Sequence  2 item(s) ---- 
         (0040,A010) Relationship Type                   CS: 'INFERRED FROM'
         (0040,A040) Value Type                          CS: 'NUM'
         (0040,A043)  Concept Name Code Sequence  1 item(s) ---- 
            (0008,0100) Code Value                          SH: '121414'
            (0008,0102) Coding Scheme Designator            SH: 'DCM'
            (0008,0104) Code Meaning                        LO: 'Standard deviation of population'
            ---------
         (0040,A300)  Measured Value Sequence  1 item(s) ---- 
            (0040,08EA)  Measurement Units Code Sequence  1 item(s) ---- 
               (0008,0100) Code Value                          SH: '%'
               (0008,0102) Coding Scheme Designator            SH: 'UCUM'
               (0008,0103) Coding Scheme Version               SH: '1.4'
               (0008,0104) Code Meaning                        LO: '%'
               ---------
            (0040,A30A) Numeric Value                       DS: '59.0'
            ---------
         (0040,A730)  Content Sequence  1 item(s) ---- 
            (0040,A010) Relationship Type                   CS: 'HAS PROPERTIES'
            (0040,A040) Value Type                          CS: 'CODE'
            (0040,A043)  Concept Name Code Sequence  1 item(s) ---- 
               (0008,0100) Code Value                          SH: '121402'
               (0008,0102) Coding Scheme Designator            SH: 'DCM'
               (0008,0104) Code Meaning                        LO: 'Normality'
               ---------
            (0040,A168)  Concept Code Sequence  1 item(s) ---- 
               (0008,0100) Code Value                          SH: 'G-A460'
               (0008,0102) Coding Scheme Designator            SH: 'SRT'
               (0008,0104) Code Meaning                        LO: 'Normal'
               ---------
            ---------
         ---------
         (0040,A010) Relationship Type                   CS: 'INFERRED FROM'
         (0040,A040) Value Type                          CS: 'CODE'
         (0040,A043)  Concept Name Code Sequence  1 item(s) ---- 
            (0008,0100) Code Value                          SH: '121420'
            (0008,0102) Coding Scheme Designator            SH: 'DCM'
            (0008,0104) Code Meaning                        LO: 'Equation'
            ---------
         (0040,A168)  Concept Code Sequence  1 item(s) ---- 
            (0008,0100) Code Value                          SH: '11920-6'
            (0008,0102) Coding Scheme Designator            SH: 'LN'
            (0008,0104) Code Meaning                        LO: 'FL, Hadlock 1984'
            ---------
         ---------
      ---------
      (0040,A010) Relationship Type                   CS: 'CONTAINS'
      (0040,A040) Value Type                          CS: 'DATE'
      (0040,A043)  Concept Name Code Sequence  1 item(s) ---- 
         (0008,0100) Code Value                          SH: '11778-8'
         (0008,0102) Coding Scheme Designator            SH: 'LN'
         (0008,0104) Code Meaning                        LO: 'EDD'
         ---------
      (0040,A121) Date                                DA: '20260325'
      ---------
   ---------
   (0040,A010) Relationship Type                   CS: 'CONTAINS'
   (0040,A040) Value Type                          CS: 'CONTAINER'
   (0040,A043)  Concept Name Code Sequence  1 item(s) ---- 
      (0008,0100) Code Value                          SH: '125005'
      (0008,0102) Coding Scheme Designator            SH: 'DCM'
      (0008,0104) Code Meaning                        LO: 'Biometry Group'
      ---------
   (0040,A050) Continuity Of Content               CS: 'SEPARATE'
   (0040,A730)  Content Sequence  4 item(s) ---- 
      (0040,A010) Relationship Type                   CS: 'CONTAINS'
      (0040,A040) Value Type                          CS: 'NUM'
      (0040,A043)  Concept Name Code Sequence  1 item(s) ---- 
         (0008,0100) Code Value                          SH: '11984-2'
         (0008,0102) Coding Scheme Designator            SH: 'LN'
         (0008,0104) Code Meaning                        LO: 'Head Circumference'
         ---------
      (0040,A300)  Measured Value Sequence  1 item(s) ---- 
         (0040,08EA)  Measurement Units Code Sequence  1 item(s) ---- 
            (0008,0100) Code Value                          SH: 'mm'
            (0008,0102) Coding Scheme Designator            SH: 'UCUM'
            (0008,0103) Coding Scheme Version               SH: '1.4'
            (0008,0104) Code Meaning                        LO: 'mm'
            ---------
         (0040,A30A) Numeric Value                       DS: '163.97'
         ---------
      ---------
      (0040,A010) Relationship Type                   CS: 'CONTAINS'
      (0040,A040) Value Type                          CS: 'NUM'
      (0040,A043)  Concept Name Code Sequence  1 item(s) ---- 
         (0008,0100) Code Value                          SH: '11984-2'
         (0008,0102) Coding Scheme Designator            SH: 'LN'
         (0008,0104) Code Meaning                        LO: 'Head Circumference'
         ---------
      (0040,A300)  Measured Value Sequence  1 item(s) ---- 
         (0040,08EA)  Measurement Units Code Sequence  1 item(s) ---- 
            (0008,0100) Code Value                          SH: 'mm'
            (0008,0102) Coding Scheme Designator            SH: 'UCUM'
            (0008,0103) Coding Scheme Version               SH: '1.4'
            (0008,0104) Code Meaning                        LO: 'mm'
            ---------
         (0040,A30A) Numeric Value                       DS: '163.97'
         ---------
      (0040,A730)  Content Sequence  1 item(s) ---- 
         (0040,A010) Relationship Type                   CS: 'HAS CONCEPT MOD'
         (0040,A040) Value Type                          CS: 'CODE'
         (0040,A043)  Concept Name Code Sequence  1 item(s) ---- 
            (0008,0100) Code Value                          SH: '121401'
            (0008,0102) Coding Scheme Designator            SH: 'DCM'
            (0008,0104) Code Meaning                        LO: 'Derivation'
            ---------
         (0040,A168)  Concept Code Sequence  1 item(s) ---- 
            (0008,0100) Code Value                          SH: 'R-00317'
            (0008,0102) Coding Scheme Designator            SH: 'SRT'
            (0008,0104) Code Meaning                        LO: 'Mean'
            ---------
         ---------
      ---------
      (0040,A010) Relationship Type                   CS: 'CONTAINS'
      (0040,A040) Value Type                          CS: 'NUM'
      (0040,A043)  Concept Name Code Sequence  1 item(s) ---- 
         (0008,0100) Code Value                          SH: '18185-9'
         (0008,0102) Coding Scheme Designator            SH: 'LN'
         (0008,0104) Code Meaning                        LO: 'Gestational Age'
         ---------
      (0040,A300)  Measured Value Sequence  1 item(s) ---- 
         (0040,08EA)  Measurement Units Code Sequence  1 item(s) ---- 
            (0008,0100) Code Value                          SH: 'd'
            (0008,0102) Coding Scheme Designator            SH: 'UCUM'
            (0008,0103) Coding Scheme Version               SH: '1.4'
            (0008,0104) Code Meaning                        LO: 'days'
            ---------
         (0040,A30A) Numeric Value                       DS: '134'
         ---------
      (0040,A730)  Content Sequence  2 item(s) ---- 
         (0040,A010) Relationship Type                   CS: 'INFERRED FROM'
         (0040,A040) Value Type                          CS: 'NUM'
         (0040,A043)  Concept Name Code Sequence  1 item(s) ---- 
            (0008,0100) Code Value                          SH: '121414'
            (0008,0102) Coding Scheme Designator            SH: 'DCM'
            (0008,0104) Code Meaning                        LO: 'Standard deviation of population'
            ---------
         (0040,A300)  Measured Value Sequence  1 item(s) ---- 
            (0040,08EA)  Measurement Units Code Sequence  1 item(s) ---- 
               (0008,0100) Code Value                          SH: '%'
               (0008,0102) Coding Scheme Designator            SH: 'UCUM'
               (0008,0103) Coding Scheme Version               SH: '1.4'
               (0008,0104) Code Meaning                        LO: '%'
               ---------
            (0040,A30A) Numeric Value                       DS: '35.2'
            ---------
         (0040,A730)  Content Sequence  1 item(s) ---- 
            (0040,A010) Relationship Type                   CS: 'HAS PROPERTIES'
            (0040,A040) Value Type                          CS: 'CODE'
            (0040,A043)  Concept Name Code Sequence  1 item(s) ---- 
               (0008,0100) Code Value                          SH: '121402'
               (0008,0102) Coding Scheme Designator            SH: 'DCM'
               (0008,0104) Code Meaning                        LO: 'Normality'
               ---------
            (0040,A168)  Concept Code Sequence  1 item(s) ---- 
               (0008,0100) Code Value                          SH: 'G-A460'
               (0008,0102) Coding Scheme Designator            SH: 'SRT'
               (0008,0104) Code Meaning                        LO: 'Normal'
               ---------
            ---------
         ---------
         (0040,A010) Relationship Type                   CS: 'INFERRED FROM'
         (0040,A040) Value Type                          CS: 'CODE'
         (0040,A043)  Concept Name Code Sequence  1 item(s) ---- 
            (0008,0100) Code Value                          SH: '121420'
            (0008,0102) Coding Scheme Designator            SH: 'DCM'
            (0008,0104) Code Meaning                        LO: 'Equation'
            ---------
         (0040,A168)  Concept Code Sequence  1 item(s) ---- 
            (0008,0100) Code Value                          SH: '99313-0'
            (0008,0102) Coding Scheme Designator            SH: 'GEK'
            (0008,0104) Code Meaning                        LO: 'HC, Hadlock'
            ---------
         ---------
      ---------
      (0040,A010) Relationship Type                   CS: 'CONTAINS'
      (0040,A040) Value Type                          CS: 'DATE'
      (0040,A043)  Concept Name Code Sequence  1 item(s) ---- 
         (0008,0100) Code Value                          SH: '11778-8'
         (0008,0102) Coding Scheme Designator            SH: 'LN'
         (0008,0104) Code Meaning                        LO: 'EDD'
         ---------
      (0040,A121) Date                                DA: '20260329'
      ---------
   ---------
   (0040,A010) Relationship Type                   CS: 'CONTAINS'
   (0040,A040) Value Type                          CS: 'CONTAINER'
   (0040,A043)  Concept Name Code Sequence  1 item(s) ---- 
      (0008,0100) Code Value                          SH: '125005'
      (0008,0102) Coding Scheme Designator            SH: 'DCM'
      (0008,0104) Code Meaning                        LO: 'Biometry Group'
      ---------
   (0040,A050) Continuity Of Content               CS: 'SEPARATE'
   (0040,A730)  Content Sequence  2 item(s) ---- 
      (0040,A010) Relationship Type                   CS: 'CONTAINS'
      (0040,A040) Value Type                          CS: 'NUM'
      (0040,A043)  Concept Name Code Sequence  1 item(s) ---- 
         (0008,0100) Code Value                          SH: '11851-3'
         (0008,0102) Coding Scheme Designator            SH: 'LN'
         (0008,0104) Code Meaning                        LO: 'Occipital-Frontal Diameter'
         ---------
      (0040,A300)  Measured Value Sequence  1 item(s) ---- 
         (0040,08EA)  Measurement Units Code Sequence  1 item(s) ---- 
            (0008,0100) Code Value                          SH: 'mm'
            (0008,0102) Coding Scheme Designator            SH: 'UCUM'
            (0008,0103) Coding Scheme Version               SH: '1.4'
            (0008,0104) Code Meaning                        LO: 'mm'
            ---------
         (0040,A30A) Numeric Value                       DS: '57.89'
         ---------
      ---------
      (0040,A010) Relationship Type                   CS: 'CONTAINS'
      (0040,A040) Value Type                          CS: 'NUM'
      (0040,A043)  Concept Name Code Sequence  1 item(s) ---- 
         (0008,0100) Code Value                          SH: '11851-3'
         (0008,0102) Coding Scheme Designator            SH: 'LN'
         (0008,0104) Code Meaning                        LO: 'Occipital-Frontal Diameter'
         ---------
      (0040,A300)  Measured Value Sequence  1 item(s) ---- 
         (0040,08EA)  Measurement Units Code Sequence  1 item(s) ---- 
            (0008,0100) Code Value                          SH: 'mm'
            (0008,0102) Coding Scheme Designator            SH: 'UCUM'
            (0008,0103) Coding Scheme Version               SH: '1.4'
            (0008,0104) Code Meaning                        LO: 'mm'
            ---------
         (0040,A30A) Numeric Value                       DS: '57.89'
         ---------
      (0040,A730)  Content Sequence  1 item(s) ---- 
         (0040,A010) Relationship Type                   CS: 'HAS CONCEPT MOD'
         (0040,A040) Value Type                          CS: 'CODE'
         (0040,A043)  Concept Name Code Sequence  1 item(s) ---- 
            (0008,0100) Code Value                          SH: '121401'
            (0008,0102) Coding Scheme Designator            SH: 'DCM'
            (0008,0104) Code Meaning                        LO: 'Derivation'
            ---------
         (0040,A168)  Concept Code Sequence  1 item(s) ---- 
            (0008,0100) Code Value                          SH: 'R-00317'
            (0008,0102) Coding Scheme Designator            SH: 'SRT'
            (0008,0104) Code Meaning                        LO: 'Mean'
            ---------
         ---------
      ---------
   ---------
   (0040,A010) Relationship Type                   CS: 'CONTAINS'
   (0040,A040) Value Type                          CS: 'CONTAINER'
   (0040,A043)  Concept Name Code Sequence  1 item(s) ---- 
      (0008,0100) Code Value                          SH: '125005'
      (0008,0102) Coding Scheme Designator            SH: 'DCM'
      (0008,0104) Code Meaning                        LO: 'Biometry Group'
      ---------
   (0040,A050) Continuity Of Content               CS: 'SEPARATE'
   (0040,A730)  Content Sequence  4 item(s) ---- 
      (0040,A010) Relationship Type                   CS: 'CONTAINS'
      (0040,A040) Value Type                          CS: 'NUM'
      (0040,A043)  Concept Name Code Sequence  1 item(s) ---- 
         (0008,0100) Code Value                          SH: '11984-2'
         (0008,0102) Coding Scheme Designator            SH: 'LN'
         (0008,0104) Code Meaning                        LO: 'Head Circumference'
         ---------
      (0040,A300)  Measured Value Sequence  1 item(s) ---- 
         (0040,08EA)  Measurement Units Code Sequence  1 item(s) ---- 
            (0008,0100) Code Value                          SH: 'mm'
            (0008,0102) Coding Scheme Designator            SH: 'UCUM'
            (0008,0103) Coding Scheme Version               SH: '1.4'
            (0008,0104) Code Meaning                        LO: 'mm'
            ---------
         (0040,A30A) Numeric Value                       DS: '160.80'
         ---------
      (0040,A730)  Content Sequence  1 item(s) ---- 
         (0040,A010) Relationship Type                   CS: 'HAS CONCEPT MOD'
         (0040,A040) Value Type                          CS: 'CODE'
         (0040,A043)  Concept Name Code Sequence  1 item(s) ---- 
            (0008,0100) Code Value                          SH: '121401'
            (0008,0102) Coding Scheme Designator            SH: 'DCM'
            (0008,0104) Code Meaning                        LO: 'Derivation'
            ---------
         (0040,A168)  Concept Code Sequence  1 item(s) ---- 
            (0008,0100) Code Value                          SH: '121428'
            (0008,0102) Coding Scheme Designator            SH: 'DCM'
            (0008,0104) Code Meaning                        LO: 'Calculated'
            ---------
         ---------
      ---------
      (0040,A010) Relationship Type                   CS: 'CONTAINS'
      (0040,A040) Value Type                          CS: 'NUM'
      (0040,A043)  Concept Name Code Sequence  1 item(s) ---- 
         (0008,0100) Code Value                          SH: '11984-2'
         (0008,0102) Coding Scheme Designator            SH: 'LN'
         (0008,0104) Code Meaning                        LO: 'Head Circumference'
         ---------
      (0040,A300)  Measured Value Sequence  1 item(s) ---- 
         (0040,08EA)  Measurement Units Code Sequence  1 item(s) ---- 
            (0008,0100) Code Value                          SH: 'mm'
            (0008,0102) Coding Scheme Designator            SH: 'UCUM'
            (0008,0103) Coding Scheme Version               SH: '1.4'
            (0008,0104) Code Meaning                        LO: 'mm'
            ---------
         (0040,A30A) Numeric Value                       DS: '160.80'
         ---------
      (0040,A730)  Content Sequence  1 item(s) ---- 
         (0040,A010) Relationship Type                   CS: 'HAS CONCEPT MOD'
         (0040,A040) Value Type                          CS: 'CODE'
         (0040,A043)  Concept Name Code Sequence  1 item(s) ---- 
            (0008,0100) Code Value                          SH: '121401'
            (0008,0102) Coding Scheme Designator            SH: 'DCM'
            (0008,0104) Code Meaning                        LO: 'Derivation'
            ---------
         (0040,A168)  Concept Code Sequence  1 item(s) ---- 
            (0008,0100) Code Value                          SH: '121428'
            (0008,0102) Coding Scheme Designator            SH: 'DCM'
            (0008,0104) Code Meaning                        LO: 'Calculated'
            ---------
         ---------
      ---------
      (0040,A010) Relationship Type                   CS: 'CONTAINS'
      (0040,A040) Value Type                          CS: 'NUM'
      (0040,A043)  Concept Name Code Sequence  1 item(s) ---- 
         (0008,0100) Code Value                          SH: '18185-9'
         (0008,0102) Coding Scheme Designator            SH: 'LN'
         (0008,0104) Code Meaning                        LO: 'Gestational Age'
         ---------
      (0040,A300)  Measured Value Sequence  1 item(s) ---- 
         (0040,08EA)  Measurement Units Code Sequence  1 item(s) ---- 
            (0008,0100) Code Value                          SH: 'd'
            (0008,0102) Coding Scheme Designator            SH: 'UCUM'
            (0008,0103) Coding Scheme Version               SH: '1.4'
            (0008,0104) Code Meaning                        LO: 'days'
            ---------
         (0040,A30A) Numeric Value                       DS: '132'
         ---------
      (0040,A730)  Content Sequence  2 item(s) ---- 
         (0040,A010) Relationship Type                   CS: 'INFERRED FROM'
         (0040,A040) Value Type                          CS: 'NUM'
         (0040,A043)  Concept Name Code Sequence  1 item(s) ---- 
            (0008,0100) Code Value                          SH: '121414'
            (0008,0102) Coding Scheme Designator            SH: 'DCM'
            (0008,0104) Code Meaning                        LO: 'Standard deviation of population'
            ---------
         (0040,A300)  Measured Value Sequence  1 item(s) ---- 
            (0040,08EA)  Measurement Units Code Sequence  1 item(s) ---- 
               (0008,0100) Code Value                          SH: '%'
               (0008,0102) Coding Scheme Designator            SH: 'UCUM'
               (0008,0103) Coding Scheme Version               SH: '1.4'
               (0008,0104) Code Meaning                        LO: '%'
               ---------
            (0040,A30A) Numeric Value                       DS: '24.3'
            ---------
         (0040,A730)  Content Sequence  1 item(s) ---- 
            (0040,A010) Relationship Type                   CS: 'HAS PROPERTIES'
            (0040,A040) Value Type                          CS: 'CODE'
            (0040,A043)  Concept Name Code Sequence  1 item(s) ---- 
               (0008,0100) Code Value                          SH: '121402'
               (0008,0102) Coding Scheme Designator            SH: 'DCM'
               (0008,0104) Code Meaning                        LO: 'Normality'
               ---------
            (0040,A168)  Concept Code Sequence  1 item(s) ---- 
               (0008,0100) Code Value                          SH: 'G-A460'
               (0008,0102) Coding Scheme Designator            SH: 'SRT'
               (0008,0104) Code Meaning                        LO: 'Normal'
               ---------
            ---------
         ---------
         (0040,A010) Relationship Type                   CS: 'INFERRED FROM'
         (0040,A040) Value Type                          CS: 'CODE'
         (0040,A043)  Concept Name Code Sequence  1 item(s) ---- 
            (0008,0100) Code Value                          SH: '121420'
            (0008,0102) Coding Scheme Designator            SH: 'DCM'
            (0008,0104) Code Meaning                        LO: 'Equation'
            ---------
         (0040,A168)  Concept Code Sequence  1 item(s) ---- 
            (0008,0100) Code Value                          SH: '99313-0'
            (0008,0102) Coding Scheme Designator            SH: 'GEK'
            (0008,0104) Code Meaning                        LO: 'HC, Hadlock'
            ---------
         ---------
      ---------
      (0040,A010) Relationship Type                   CS: 'CONTAINS'
      (0040,A040) Value Type                          CS: 'DATE'
      (0040,A043)  Concept Name Code Sequence  1 item(s) ---- 
         (0008,0100) Code Value                          SH: '11778-8'
         (0008,0102) Coding Scheme Designator            SH: 'LN'
         (0008,0104) Code Meaning                        LO: 'EDD'
         ---------
      (0040,A121) Date                                DA: '20260331'
      ---------
   ---------(0040,A010) Relationship Type                   CS: 'CONTAINS'
(0040,A040) Value Type                          CS: 'CONTAINER'
(0040,A043)  Concept Name Code Sequence  1 item(s) ---- 
   (0008,0100) Code Value                          SH: '125004'
   (0008,0102) Coding Scheme Designator            SH: 'DCM'
   (0008,0104) Code Meaning                        LO: 'Fetal Cranium'
   ---------
(0040,A050) Continuity Of Content               CS: 'SEPARATE'
(0040,A730)  Content Sequence  3 item(s) ---- 
   (0040,A010) Relationship Type                   CS: 'HAS OBS CONTEXT'
   (0040,A040) Value Type                          CS: 'TEXT'
   (0040,A043)  Concept Name Code Sequence  1 item(s) ---- 
      (0008,0100) Code Value                          SH: '11951-1'
      (0008,0102) Coding Scheme Designator            SH: 'LN'
      (0008,0104) Code Meaning                        LO: 'Fetus ID'
      ---------
   (0040,A160) Text Value                          UT: '1'
   ---------
   (0040,A010) Relationship Type                   CS: 'CONTAINS'
   (0040,A040) Value Type                          CS: 'CONTAINER'
   (0040,A043)  Concept Name Code Sequence  1 item(s) ---- 
      (0008,0100) Code Value                          SH: '125005'
      (0008,0102) Coding Scheme Designator            SH: 'DCM'
      (0008,0104) Code Meaning                        LO: 'Biometry Group'
      ---------
   (0040,A050) Continuity Of Content               CS: 'SEPARATE'
   (0040,A730)  Content Sequence  2 item(s) ---- 
      (0040,A010) Relationship Type                   CS: 'CONTAINS'
      (0040,A040) Value Type                          CS: 'NUM'
      (0040,A043)  Concept Name Code Sequence  1 item(s) ---- 
         (0008,0100) Code Value                          SH: '33196-7'
         (0008,0102) Coding Scheme Designator            SH: 'LN'
         (0008,0104) Code Meaning                        LO: 'Posterior Horn Lateral ventricular width'
         ---------
      (0040,A300)  Measured Value Sequence  1 item(s) ---- 
         (0040,08EA)  Measurement Units Code Sequence  1 item(s) ---- 
            (0008,0100) Code Value                          SH: 'mm'
            (0008,0102) Coding Scheme Designator            SH: 'UCUM'
            (0008,0103) Coding Scheme Version               SH: '1.4'
            (0008,0104) Code Meaning                        LO: 'mm'
            ---------
         (0040,A30A) Numeric Value                       DS: '5.66'
         ---------
      ---------
      (0040,A010) Relationship Type                   CS: 'CONTAINS'
      (0040,A040) Value Type                          CS: 'NUM'
      (0040,A043)  Concept Name Code Sequence  1 item(s) ---- 
         (0008,0100) Code Value                          SH: '33196-7'
         (0008,0102) Coding Scheme Designator            SH: 'LN'
         (0008,0104) Code Meaning                        LO: 'Posterior Horn Lateral ventricular width'
         ---------
      (0040,A300)  Measured Value Sequence  1 item(s) ---- 
         (0040,08EA)  Measurement Units Code Sequence  1 item(s) ---- 
            (0008,0100) Code Value                          SH: 'mm'
            (0008,0102) Coding Scheme Designator            SH: 'UCUM'
            (0008,0103) Coding Scheme Version               SH: '1.4'
            (0008,0104) Code Meaning                        LO: 'mm'
            ---------
         (0040,A30A) Numeric Value                       DS: '5.66'
         ---------
      (0040,A730)  Content Sequence  1 item(s) ---- 
         (0040,A010) Relationship Type                   CS: 'HAS CONCEPT MOD'
         (0040,A040) Value Type                          CS: 'CODE'
         (0040,A043)  Concept Name Code Sequence  1 item(s) ---- 
            (0008,0100) Code Value                          SH: '121401'
            (0008,0102) Coding Scheme Designator            SH: 'DCM'
            (0008,0104) Code Meaning                        LO: 'Derivation'
            ---------
         (0040,A168)  Concept Code Sequence  1 item(s) ---- 
            (0008,0100) Code Value                          SH: 'R-00317'
            (0008,0102) Coding Scheme Designator            SH: 'SRT'
            (0008,0104) Code Meaning                        LO: 'Mean'
            ---------
         ---------
      ---------
   ---------
   (0040,A010) Relationship Type                   CS: 'CONTAINS'
   (0040,A040) Value Type                          CS: 'CONTAINER'
   (0040,A043)  Concept Name Code Sequence  1 item(s) ---- 
      (0008,0100) Code Value                          SH: '125005'
      (0008,0102) Coding Scheme Designator            SH: 'DCM'
      (0008,0104) Code Meaning                        LO: 'Biometry Group'
      ---------
   (0040,A050) Continuity Of Content               CS: 'SEPARATE'
   (0040,A730)  Content Sequence  3 item(s) ---- 
      (0040,A010) Relationship Type                   CS: 'CONTAINS'
      (0040,A040) Value Type                          CS: 'NUM'
      (0040,A043)  Concept Name Code Sequence  1 item(s) ---- 
         (0008,0100) Code Value                          SH: '12146-7'
         (0008,0102) Coding Scheme Designator            SH: 'LN'
         (0008,0104) Code Meaning                        LO: 'Nuchal Fold thickness'
         ---------
      (0040,A300)  Measured Value Sequence  1 item(s) ---- 
         (0040,08EA)  Measurement Units Code Sequence  1 item(s) ---- 
            (0008,0100) Code Value                          SH: 'mm'
            (0008,0102) Coding Scheme Designator            SH: 'UCUM'
            (0008,0103) Coding Scheme Version               SH: '1.4'
            (0008,0104) Code Meaning                        LO: 'mm'
            ---------
         (0040,A30A) Numeric Value                       DS: '4.82'
         ---------
      ---------
      (0040,A010) Relationship Type                   CS: 'CONTAINS'
      (0040,A040) Value Type                          CS: 'NUM'
      (0040,A043)  Concept Name Code Sequence  1 item(s) ---- 
         (0008,0100) Code Value                          SH: '12146-7'
         (0008,0102) Coding Scheme Designator            SH: 'LN'
         (0008,0104) Code Meaning                        LO: 'Nuchal Fold thickness'
         ---------
      (0040,A300)  Measured Value Sequence  1 item(s) ---- 
         (0040,08EA)  Measurement Units Code Sequence  1 item(s) ---- 
            (0008,0100) Code Value                          SH: 'mm'
            (0008,0102) Coding Scheme Designator            SH: 'UCUM'
            (0008,0103) Coding Scheme Version               SH: '1.4'
            (0008,0104) Code Meaning                        LO: 'mm'
            ---------
         (0040,A30A) Numeric Value                       DS: '4.08'
         ---------
      ---------
      (0040,A010) Relationship Type                   CS: 'CONTAINS'
      (0040,A040) Value Type                          CS: 'NUM'
      (0040,A043)  Concept Name Code Sequence  1 item(s) ---- 
         (0008,0100) Code Value                          SH: '12146-7'
         (0008,0102) Coding Scheme Designator            SH: 'LN'
         (0008,0104) Code Meaning                        LO: 'Nuchal Fold thickness'
         ---------
      (0040,A300)  Measured Value Sequence  1 item(s) ---- 
         (0040,08EA)  Measurement Units Code Sequence  1 item(s) ---- 
            (0008,0100) Code Value                          SH: 'mm'
            (0008,0102) Coding Scheme Designator            SH: 'UCUM'
            (0008,0103) Coding Scheme Version               SH: '1.4'
            (0008,0104) Code Meaning                        LO: 'mm'
            ---------
         (0040,A30A) Numeric Value                       DS: '4.45'
         ---------
      (0040,A730)  Content Sequence  1 item(s) ---- 
         (0040,A010) Relationship Type                   CS: 'HAS CONCEPT MOD'
         (0040,A040) Value Type                          CS: 'CODE'
         (0040,A043)  Concept Name Code Sequence  1 item(s) ---- 
            (0008,0100) Code Value                          SH: '121401'
            (0008,0102) Coding Scheme Designator            SH: 'DCM'
            (0008,0104) Code Meaning                        LO: 'Derivation'
            ---------
         (0040,A168)  Concept Code Sequence  1 item(s) ---- 
            (0008,0100) Code Value                          SH: 'R-00317'
            (0008,0102) Coding Scheme Designator            SH: 'SRT'
            (0008,0104) Code Meaning                        LO: 'Mean'
            ---------
         ---------
      ---------
   ---------(0040,A010) Relationship Type                   CS: 'CONTAINS'
(0040,A040) Value Type                          CS: 'CONTAINER'
(0040,A043)  Concept Name Code Sequence  1 item(s) ---- 
   (0008,0100) Code Value                          SH: '121070'
   (0008,0102) Coding Scheme Designator            SH: 'DCM'
   (0008,0104) Code Meaning                        LO: 'Findings'
   ---------
(0040,A050) Continuity Of Content               CS: 'SEPARATE'
(0040,A730)  Content Sequence  11 item(s) ---- 
   (0040,A010) Relationship Type                   CS: 'HAS OBS CONTEXT'
   (0040,A040) Value Type                          CS: 'TEXT'
   (0040,A043)  Concept Name Code Sequence  1 item(s) ---- 
      (0008,0100) Code Value                          SH: '11951-1'
      (0008,0102) Coding Scheme Designator            SH: 'LN'
      (0008,0104) Code Meaning                        LO: 'Fetus ID'
      ---------
   (0040,A160) Text Value                          UT: '1'
   ---------
   (0040,A010) Relationship Type                   CS: 'HAS CONCEPT MOD'
   (0040,A040) Value Type                          CS: 'CODE'
   (0040,A043)  Concept Name Code Sequence  1 item(s) ---- 
      (0008,0100) Code Value                          SH: 'G-C0E3'
      (0008,0102) Coding Scheme Designator            SH: 'SRT'
      (0008,0104) Code Meaning                        LO: 'Finding Site'
      ---------
   (0040,A168)  Concept Code Sequence  1 item(s) ---- 
      (0008,0100) Code Value                          SH: 'T-F1300'
      (0008,0102) Coding Scheme Designator            SH: 'SRT'
      (0008,0104) Code Meaning                        LO: 'Amniotic Sac'
      ---------
   ---------
   (0040,A010) Relationship Type                   CS: 'CONTAINS'
   (0040,A040) Value Type                          CS: 'NUM'
   (0040,A043)  Concept Name Code Sequence  1 item(s) ---- 
      (0008,0100) Code Value                          SH: '11624-4'
      (0008,0102) Coding Scheme Designator            SH: 'LN'
      (0008,0104) Code Meaning                        LO: 'First Quadrant Diameter'
      ---------
   (0040,A300)  Measured Value Sequence  1 item(s) ---- 
      (0040,08EA)  Measurement Units Code Sequence  1 item(s) ---- 
         (0008,0100) Code Value                          SH: 'mm'
         (0008,0102) Coding Scheme Designator            SH: 'UCUM'
         (0008,0103) Coding Scheme Version               SH: '1.4'
         (0008,0104) Code Meaning                        LO: 'mm'
         ---------
      (0040,A30A) Numeric Value                       DS: '39.17'
      ---------
   (0040,A730)  Content Sequence  1 item(s) ---- 
      (0040,A010) Relationship Type                   CS: 'HAS CONCEPT MOD'
      (0040,A040) Value Type                          CS: 'CODE'
      (0040,A043)  Concept Name Code Sequence  1 item(s) ---- 
         (0008,0100) Code Value                          SH: 'G-C0E3'
         (0008,0102) Coding Scheme Designator            SH: 'SRT'
         (0008,0104) Code Meaning                        LO: 'Finding Site'
         ---------
      (0040,A168)  Concept Code Sequence  1 item(s) ---- 
         (0008,0100) Code Value                          SH: 'T-F1300'
         (0008,0102) Coding Scheme Designator            SH: 'SRT'
         (0008,0104) Code Meaning                        LO: 'Amniotic Sac'
         ---------
      ---------
   ---------
   (0040,A010) Relationship Type                   CS: 'CONTAINS'
   (0040,A040) Value Type                          CS: 'NUM'
   (0040,A043)  Concept Name Code Sequence  1 item(s) ---- 
      (0008,0100) Code Value                          SH: '11624-4'
      (0008,0102) Coding Scheme Designator            SH: 'LN'
      (0008,0104) Code Meaning                        LO: 'First Quadrant Diameter'
      ---------
   (0040,A300)  Measured Value Sequence  1 item(s) ---- 
      (0040,08EA)  Measurement Units Code Sequence  1 item(s) ---- 
         (0008,0100) Code Value                          SH: 'mm'
         (0008,0102) Coding Scheme Designator            SH: 'UCUM'
         (0008,0103) Coding Scheme Version               SH: '1.4'
         (0008,0104) Code Meaning                        LO: 'mm'
         ---------
      (0040,A30A) Numeric Value                       DS: '39.17'
      ---------
   (0040,A730)  Content Sequence  2 item(s) ---- 
      (0040,A010) Relationship Type                   CS: 'HAS CONCEPT MOD'
      (0040,A040) Value Type                          CS: 'CODE'
      (0040,A043)  Concept Name Code Sequence  1 item(s) ---- 
         (0008,0100) Code Value                          SH: 'G-C0E3'
         (0008,0102) Coding Scheme Designator            SH: 'SRT'
         (0008,0104) Code Meaning                        LO: 'Finding Site'
         ---------
      (0040,A168)  Concept Code Sequence  1 item(s) ---- 
         (0008,0100) Code Value                          SH: 'T-F1300'
         (0008,0102) Coding Scheme Designator            SH: 'SRT'
         (0008,0104) Code Meaning                        LO: 'Amniotic Sac'
         ---------
      ---------
      (0040,A010) Relationship Type                   CS: 'HAS CONCEPT MOD'
      (0040,A040) Value Type                          CS: 'CODE'
      (0040,A043)  Concept Name Code Sequence  1 item(s) ---- 
         (0008,0100) Code Value                          SH: '121401'
         (0008,0102) Coding Scheme Designator            SH: 'DCM'
         (0008,0104) Code Meaning                        LO: 'Derivation'
         ---------
      (0040,A168)  Concept Code Sequence  1 item(s) ---- 
         (0008,0100) Code Value                          SH: 'R-00317'
         (0008,0102) Coding Scheme Designator            SH: 'SRT'
         (0008,0104) Code Meaning                        LO: 'Mean'
         ---------
      ---------
   ---------
   (0040,A010) Relationship Type                   CS: 'CONTAINS'
   (0040,A040) Value Type                          CS: 'NUM'
   (0040,A043)  Concept Name Code Sequence  1 item(s) ---- 
      (0008,0100) Code Value                          SH: '11626-9'
      (0008,0102) Coding Scheme Designator            SH: 'LN'
      (0008,0104) Code Meaning                        LO: 'Second Quadrant Diameter'
      ---------
   (0040,A300)  Measured Value Sequence  1 item(s) ---- 
      (0040,08EA)  Measurement Units Code Sequence  1 item(s) ---- 
         (0008,0100) Code Value                          SH: 'mm'
         (0008,0102) Coding Scheme Designator            SH: 'UCUM'
         (0008,0103) Coding Scheme Version               SH: '1.4'
         (0008,0104) Code Meaning                        LO: 'mm'
         ---------
      (0040,A30A) Numeric Value                       DS: '32.32'
      ---------
   (0040,A730)  Content Sequence  1 item(s) ---- 
      (0040,A010) Relationship Type                   CS: 'HAS CONCEPT MOD'
      (0040,A040) Value Type                          CS: 'CODE'
      (0040,A043)  Concept Name Code Sequence  1 item(s) ---- 
         (0008,0100) Code Value                          SH: 'G-C0E3'
         (0008,0102) Coding Scheme Designator            SH: 'SRT'
         (0008,0104) Code Meaning                        LO: 'Finding Site'
         ---------
      (0040,A168)  Concept Code Sequence  1 item(s) ---- 
         (0008,0100) Code Value                          SH: 'T-F1300'
         (0008,0102) Coding Scheme Designator            SH: 'SRT'
         (0008,0104) Code Meaning                        LO: 'Amniotic Sac'
         ---------
      ---------
   ---------
   (0040,A010) Relationship Type                   CS: 'CONTAINS'
   (0040,A040) Value Type                          CS: 'NUM'
   (0040,A043)  Concept Name Code Sequence  1 item(s) ---- 
      (0008,0100) Code Value                          SH: '11626-9'
      (0008,0102) Coding Scheme Designator            SH: 'LN'
      (0008,0104) Code Meaning                        LO: 'Second Quadrant Diameter'
      ---------
   (0040,A300)  Measured Value Sequence  1 item(s) ---- 
      (0040,08EA)  Measurement Units Code Sequence  1 item(s) ---- 
         (0008,0100) Code Value                          SH: 'mm'
         (0008,0102) Coding Scheme Designator            SH: 'UCUM'
         (0008,0103) Coding Scheme Version               SH: '1.4'
         (0008,0104) Code Meaning                        LO: 'mm'
         ---------
      (0040,A30A) Numeric Value                       DS: '32.32'
      ---------
   (0040,A730)  Content Sequence  2 item(s) ---- 
      (0040,A010) Relationship Type                   CS: 'HAS CONCEPT MOD'
      (0040,A040) Value Type                          CS: 'CODE'
      (0040,A043)  Concept Name Code Sequence  1 item(s) ---- 
         (0008,0100) Code Value                          SH: 'G-C0E3'
         (0008,0102) Coding Scheme Designator            SH: 'SRT'
         (0008,0104) Code Meaning                        LO: 'Finding Site'
         ---------
      (0040,A168)  Concept Code Sequence  1 item(s) ---- 
         (0008,0100) Code Value                          SH: 'T-F1300'
         (0008,0102) Coding Scheme Designator            SH: 'SRT'
         (0008,0104) Code Meaning                        LO: 'Amniotic Sac'
         ---------
      ---------
      (0040,A010) Relationship Type                   CS: 'HAS CONCEPT MOD'
      (0040,A040) Value Type                          CS: 'CODE'
      (0040,A043)  Concept Name Code Sequence  1 item(s) ---- 
         (0008,0100) Code Value                          SH: '121401'
         (0008,0102) Coding Scheme Designator            SH: 'DCM'
         (0008,0104) Code Meaning                        LO: 'Derivation'
         ---------
      (0040,A168)  Concept Code Sequence  1 item(s) ---- 
         (0008,0100) Code Value                          SH: 'R-00317'
         (0008,0102) Coding Scheme Designator            SH: 'SRT'
         (0008,0104) Code Meaning                        LO: 'Mean'
         ---------
      ---------
   ---------
   (0040,A010) Relationship Type                   CS: 'CONTAINS'
   (0040,A040) Value Type                          CS: 'NUM'
   (0040,A043)  Concept Name Code Sequence  1 item(s) ---- 
      (0008,0100) Code Value                          SH: '11625-1'
      (0008,0102) Coding Scheme Designator            SH: 'LN'
      (0008,0104) Code Meaning                        LO: 'Third Quadrant Diameter'
      ---------
   (0040,A300)  Measured Value Sequence  1 item(s) ---- 
      (0040,08EA)  Measurement Units Code Sequence  1 item(s) ---- 
         (0008,0100) Code Value                          SH: 'mm'
         (0008,0102) Coding Scheme Designator            SH: 'UCUM'
         (0008,0103) Coding Scheme Version               SH: '1.4'
         (0008,0104) Code Meaning                        LO: 'mm'
         ---------
      (0040,A30A) Numeric Value                       DS: '59.97'
      ---------
   (0040,A730)  Content Sequence  1 item(s) ---- 
      (0040,A010) Relationship Type                   CS: 'HAS CONCEPT MOD'
      (0040,A040) Value Type                          CS: 'CODE'
      (0040,A043)  Concept Name Code Sequence  1 item(s) ---- 
         (0008,0100) Code Value                          SH: 'G-C0E3'
         (0008,0102) Coding Scheme Designator            SH: 'SRT'
         (0008,0104) Code Meaning                        LO: 'Finding Site'
         ---------
      (0040,A168)  Concept Code Sequence  1 item(s) ---- 
         (0008,0100) Code Value                          SH: 'T-F1300'
         (0008,0102) Coding Scheme Designator            SH: 'SRT'
         (0008,0104) Code Meaning                        LO: 'Amniotic Sac'
         ---------
      ---------
   ---------
   (0040,A010) Relationship Type                   CS: 'CONTAINS'
   (0040,A040) Value Type                          CS: 'NUM'
   (0040,A043)  Concept Name Code Sequence  1 item(s) ---- 
      (0008,0100) Code Value                          SH: '11625-1'
      (0008,0102) Coding Scheme Designator            SH: 'LN'
      (0008,0104) Code Meaning                        LO: 'Third Quadrant Diameter'
      ---------
   (0040,A300)  Measured Value Sequence  1 item(s) ---- 
      (0040,08EA)  Measurement Units Code Sequence  1 item(s) ---- 
         (0008,0100) Code Value                          SH: 'mm'
         (0008,0102) Coding Scheme Designator            SH: 'UCUM'
         (0008,0103) Coding Scheme Version               SH: '1.4'
         (0008,0104) Code Meaning                        LO: 'mm'
         ---------
      (0040,A30A) Numeric Value                       DS: '59.97'
      ---------
   (0040,A730)  Content Sequence  2 item(s) ---- 
      (0040,A010) Relationship Type                   CS: 'HAS CONCEPT MOD'
      (0040,A040) Value Type                          CS: 'CODE'
      (0040,A043)  Concept Name Code Sequence  1 item(s) ---- 
         (0008,0100) Code Value                          SH: 'G-C0E3'
         (0008,0102) Coding Scheme Designator            SH: 'SRT'
         (0008,0104) Code Meaning                        LO: 'Finding Site'
         ---------
      (0040,A168)  Concept Code Sequence  1 item(s) ---- 
         (0008,0100) Code Value                          SH: 'T-F1300'
         (0008,0102) Coding Scheme Designator            SH: 'SRT'
         (0008,0104) Code Meaning                        LO: 'Amniotic Sac'
         ---------
      ---------
      (0040,A010) Relationship Type                   CS: 'HAS CONCEPT MOD'
      (0040,A040) Value Type                          CS: 'CODE'
      (0040,A043)  Concept Name Code Sequence  1 item(s) ---- 
         (0008,0100) Code Value                          SH: '121401'
         (0008,0102) Coding Scheme Designator            SH: 'DCM'
         (0008,0104) Code Meaning                        LO: 'Derivation'
         ---------
      (0040,A168)  Concept Code Sequence  1 item(s) ---- 
         (0008,0100) Code Value                          SH: 'R-00317'
         (0008,0102) Coding Scheme Designator            SH: 'SRT'
         (0008,0104) Code Meaning                        LO: 'Mean'
         ---------
      ---------
   ---------
   (0040,A010) Relationship Type                   CS: 'CONTAINS'
   (0040,A040) Value Type                          CS: 'NUM'
   (0040,A043)  Concept Name Code Sequence  1 item(s) ---- 
      (0008,0100) Code Value                          SH: '11623-6'
      (0008,0102) Coding Scheme Designator            SH: 'LN'
      (0008,0104) Code Meaning                        LO: 'Fourth Quadrant Diameter'
      ---------
   (0040,A300)  Measured Value Sequence  1 item(s) ---- 
      (0040,08EA)  Measurement Units Code Sequence  1 item(s) ---- 
         (0008,0100) Code Value                          SH: 'mm'
         (0008,0102) Coding Scheme Designator            SH: 'UCUM'
         (0008,0103) Coding Scheme Version               SH: '1.4'
         (0008,0104) Code Meaning                        LO: 'mm'
         ---------
      (0040,A30A) Numeric Value                       DS: '57.13'
      ---------
   (0040,A730)  Content Sequence  1 item(s) ---- 
      (0040,A010) Relationship Type                   CS: 'HAS CONCEPT MOD'
      (0040,A040) Value Type                          CS: 'CODE'
      (0040,A043)  Concept Name Code Sequence  1 item(s) ---- 
         (0008,0100) Code Value                          SH: 'G-C0E3'
         (0008,0102) Coding Scheme Designator            SH: 'SRT'
         (0008,0104) Code Meaning                        LO: 'Finding Site'
         ---------
      (0040,A168)  Concept Code Sequence  1 item(s) ---- 
         (0008,0100) Code Value                          SH: 'T-F1300'
         (0008,0102) Coding Scheme Designator            SH: 'SRT'
         (0008,0104) Code Meaning                        LO: 'Amniotic Sac'
         ---------
      ---------
   ---------
   (0040,A010) Relationship Type                   CS: 'CONTAINS'
   (0040,A040) Value Type                          CS: 'NUM'
   (0040,A043)  Concept Name Code Sequence  1 item(s) ---- 
      (0008,0100) Code Value                          SH: '11623-6'
      (0008,0102) Coding Scheme Designator            SH: 'LN'
      (0008,0104) Code Meaning                        LO: 'Fourth Quadrant Diameter'
      ---------
   (0040,A300)  Measured Value Sequence  1 item(s) ---- 
      (0040,08EA)  Measurement Units Code Sequence  1 item(s) ---- 
         (0008,0100) Code Value                          SH: 'mm'
         (0008,0102) Coding Scheme Designator            SH: 'UCUM'
         (0008,0103) Coding Scheme Version               SH: '1.4'
         (0008,0104) Code Meaning                        LO: 'mm'
         ---------
      (0040,A30A) Numeric Value                       DS: '57.13'
      ---------
   (0040,A730)  Content Sequence  2 item(s) ---- 
      (0040,A010) Relationship Type                   CS: 'HAS CONCEPT MOD'
      (0040,A040) Value Type                          CS: 'CODE'
      (0040,A043)  Concept Name Code Sequence  1 item(s) ---- 
         (0008,0100) Code Value                          SH: 'G-C0E3'
         (0008,0102) Coding Scheme Designator            SH: 'SRT'
         (0008,0104) Code Meaning                        LO: 'Finding Site'
         ---------
      (0040,A168)  Concept Code Sequence  1 item(s) ---- 
         (0008,0100) Code Value                          SH: 'T-F1300'
         (0008,0102) Coding Scheme Designator            SH: 'SRT'
         (0008,0104) Code Meaning                        LO: 'Amniotic Sac'
         ---------
      ---------
      (0040,A010) Relationship Type                   CS: 'HAS CONCEPT MOD'
      (0040,A040) Value Type                          CS: 'CODE'
      (0040,A043)  Concept Name Code Sequence  1 item(s) ---- 
         (0008,0100) Code Value                          SH: '121401'
         (0008,0102) Coding Scheme Designator            SH: 'DCM'
         (0008,0104) Code Meaning                        LO: 'Derivation'
         ---------
      (0040,A168)  Concept Code Sequence  1 item(s) ---- 
         (0008,0100) Code Value                          SH: 'R-00317'
         (0008,0102) Coding Scheme Designator            SH: 'SRT'
         (0008,0104) Code Meaning                        LO: 'Mean'
         ---------
      ---------
   ---------
   (0040,A010) Relationship Type                   CS: 'CONTAINS'
   (0040,A040) Value Type                          CS: 'NUM'
   (0040,A043)  Concept Name Code Sequence  1 item(s) ---- 
      (0008,0100) Code Value                          SH: '11627-7'
      (0008,0102) Coding Scheme Designator            SH: 'LN'
      (0008,0104) Code Meaning                        LO: 'Amniotic Fluid Index'
      ---------
   (0040,A300)  Measured Value Sequence  1 item(s) ---- 
      (0040,08EA)  Measurement Units Code Sequence  1 item(s) ---- 
         (0008,0100) Code Value                          SH: 'cm'
         (0008,0102) Coding Scheme Designator            SH: 'UCUM'
         (0008,0103) Coding Scheme Version               SH: '1.4'
         (0008,0104) Code Meaning                        LO: 'cm'
         ---------
      (0040,A30A) Numeric Value                       DS: '18.86'
      ---------
   (0040,A730)  Content Sequence  2 item(s) ---- 
      (0040,A010) Relationship Type                   CS: 'HAS CONCEPT MOD'
      (0040,A040) Value Type                          CS: 'CODE'
      (0040,A043)  Concept Name Code Sequence  1 item(s) ---- 
         (0008,0100) Code Value                          SH: 'G-C0E3'
         (0008,0102) Coding Scheme Designator            SH: 'SRT'
         (0008,0104) Code Meaning                        LO: 'Finding Site'
         ---------
      (0040,A168)  Concept Code Sequence  1 item(s) ---- 
         (0008,0100) Code Value                          SH: 'T-F1300'
         (0008,0102) Coding Scheme Designator            SH: 'SRT'
         (0008,0104) Code Meaning                        LO: 'Amniotic Sac'
         ---------
      ---------
      (0040,A010) Relationship Type                   CS: 'HAS CONCEPT MOD'
      (0040,A040) Value Type                          CS: 'CODE'
      (0040,A043)  Concept Name Code Sequence  1 item(s) ---- 
         (0008,0100) Code Value                          SH: '121401'
         (0008,0102) Coding Scheme Designator            SH: 'DCM'
         (0008,0104) Code Meaning                        LO: 'Derivation'
         ---------
      (0040,A168)  Concept Code Sequence  1 item(s) ---- 
         (0008,0100) Code Value                          SH: '121428'
         (0008,0102) Coding Scheme Designator            SH: 'DCM'
         (0008,0104) Code Meaning                        LO: 'Calculated'
         ---------
      ---------
   ---------(0040,A010) Relationship Type                   CS: 'CONTAINS'
(0040,A040) Value Type                          CS: 'CONTAINER'
(0040,A043)  Concept Name Code Sequence  1 item(s) ---- 
   (0008,0100) Code Value                          SH: '125070'
   (0008,0102) Coding Scheme Designator            SH: 'DCM'
   (0008,0104) Code Meaning                        LO: 'Findings'
   ---------
(0040,A050) Continuity Of Content               CS: 'SEPARATE'
(0040,A730)  Content Sequence  10 item(s) ---- 
   (0040,A010) Relationship Type                   CS: 'HAS CONCEPT MOD'
   (0040,A040) Value Type                          CS: 'CODE'
   (0040,A043)  Concept Name Code Sequence  1 item(s) ---- 
      (0008,0100) Code Value                          SH: 'G-C0E3'
      (0008,0102) Coding Scheme Designator            SH: 'SRT'
      (0008,0104) Code Meaning                        LO: 'Finding Site'
      ---------
   (0040,A168)  Concept Code Sequence  1 item(s) ---- 
      (0008,0100) Code Value                          SH: 'T-F1300'
      (0008,0102) Coding Scheme Designator            SH: 'SRT'
      (0008,0104) Code Meaning                        LO: 'Amniotic Sac'
      ---------
   ---------
   (0040,A010) Relationship Type                   CS: 'CONTAINS'
   (0040,A040) Value Type                          CS: 'NUM'
   (0040,A043)  Concept Name Code Sequence  1 item(s) ---- 
      (0008,0100) Code Value                          SH: '99009-0'
      (0008,0102) Coding Scheme Designator            SH: 'GEK'
      (0008,0104) Code Meaning                        LO: 'AMNIOTIC FLUID INDEX LEN q1'
      ---------
   (0040,A300)  Measured Value Sequence  1 item(s) ---- 
      (0040,08EA)  Measurement Units Code Sequence  1 item(s) ---- 
         (0008,0100) Code Value                          SH: 'mm'
         (0008,0102) Coding Scheme Designator            SH: 'UCUM'
         (0008,0103) Coding Scheme Version               SH: '1.4'
         (0008,0104) Code Meaning                        LO: 'mm'
         ---------
      (0040,A30A) Numeric Value                       DS: '39.17'
      ---------
   (0040,A730)  Content Sequence  1 item(s) ---- 
      (0040,A010) Relationship Type                   CS: 'HAS CONCEPT MOD'
      (0040,A040) Value Type                          CS: 'CODE'
      (0040,A043)  Concept Name Code Sequence  1 item(s) ---- 
         (0008,0100) Code Value                          SH: 'G-C0E3'
         (0008,0102) Coding Scheme Designator            SH: 'SRT'
         (0008,0104) Code Meaning                        LO: 'Finding Site'
         ---------
      (0040,A168)  Concept Code Sequence  1 item(s) ---- 
         (0008,0100) Code Value                          SH: 'T-F1300'
         (0008,0102) Coding Scheme Designator            SH: 'SRT'
         (0008,0104) Code Meaning                        LO: 'Amniotic Sac'
         ---------
      ---------
   ---------
   (0040,A010) Relationship Type                   CS: 'CONTAINS'
   (0040,A040) Value Type                          CS: 'NUM'
   (0040,A043)  Concept Name Code Sequence  1 item(s) ---- 
      (0008,0100) Code Value                          SH: '99009-0'
      (0008,0102) Coding Scheme Designator            SH: 'GEK'
      (0008,0104) Code Meaning                        LO: 'AMNIOTIC FLUID INDEX LEN q1'
      ---------
   (0040,A300)  Measured Value Sequence  1 item(s) ---- 
      (0040,08EA)  Measurement Units Code Sequence  1 item(s) ---- 
         (0008,0100) Code Value                          SH: 'mm'
         (0008,0102) Coding Scheme Designator            SH: 'UCUM'
         (0008,0103) Coding Scheme Version               SH: '1.4'
         (0008,0104) Code Meaning                        LO: 'mm'
         ---------
      (0040,A30A) Numeric Value                       DS: '39.17'
      ---------
   (0040,A730)  Content Sequence  2 item(s) ---- 
      (0040,A010) Relationship Type                   CS: 'HAS CONCEPT MOD'
      (0040,A040) Value Type                          CS: 'CODE'
      (0040,A043)  Concept Name Code Sequence  1 item(s) ---- 
         (0008,0100) Code Value                          SH: 'G-C0E3'
         (0008,0102) Coding Scheme Designator            SH: 'SRT'
         (0008,0104) Code Meaning                        LO: 'Finding Site'
         ---------
      (0040,A168)  Concept Code Sequence  1 item(s) ---- 
         (0008,0100) Code Value                          SH: 'T-F1300'
         (0008,0102) Coding Scheme Designator            SH: 'SRT'
         (0008,0104) Code Meaning                        LO: 'Amniotic Sac'
         ---------
      ---------
      (0040,A010) Relationship Type                   CS: 'HAS CONCEPT MOD'
      (0040,A040) Value Type                          CS: 'CODE'
      (0040,A043)  Concept Name Code Sequence  1 item(s) ---- 
         (0008,0100) Code Value                          SH: '121401'
         (0008,0102) Coding Scheme Designator            SH: 'DCM'
         (0008,0104) Code Meaning                        LO: 'Derivation'
         ---------
      (0040,A168)  Concept Code Sequence  1 item(s) ---- 
         (0008,0100) Code Value                          SH: 'R-00317'
         (0008,0102) Coding Scheme Designator            SH: 'SRT'
         (0008,0104) Code Meaning                        LO: 'Mean'
         ---------
      ---------
   ---------
   (0040,A010) Relationship Type                   CS: 'CONTAINS'
   (0040,A040) Value Type                          CS: 'NUM'
   (0040,A043)  Concept Name Code Sequence  1 item(s) ---- 
      (0008,0100) Code Value                          SH: '99009-1'
      (0008,0102) Coding Scheme Designator            SH: 'GEK'
      (0008,0104) Code Meaning                        LO: 'AMNIOTIC FLUID INDEX LEN q2'
      ---------
   (0040,A300)  Measured Value Sequence  1 item(s) ---- 
      (0040,08EA)  Measurement Units Code Sequence  1 item(s) ---- 
         (0008,0100) Code Value                          SH: 'mm'
         (0008,0102) Coding Scheme Designator            SH: 'UCUM'
         (0008,0103) Coding Scheme Version               SH: '1.4'
         (0008,0104) Code Meaning                        LO: 'mm'
         ---------
      (0040,A30A) Numeric Value                       DS: '32.32'
      ---------
   (0040,A730)  Content Sequence  1 item(s) ---- 
      (0040,A010) Relationship Type                   CS: 'HAS CONCEPT MOD'
      (0040,A040) Value Type                          CS: 'CODE'
      (0040,A043)  Concept Name Code Sequence  1 item(s) ---- 
         (0008,0100) Code Value                          SH: 'G-C0E3'
         (0008,0102) Coding Scheme Designator            SH: 'SRT'
         (0008,0104) Code Meaning                        LO: 'Finding Site'
         ---------
      (0040,A168)  Concept Code Sequence  1 item(s) ---- 
         (0008,0100) Code Value                          SH: 'T-F1300'
         (0008,0102) Coding Scheme Designator            SH: 'SRT'
         (0008,0104) Code Meaning                        LO: 'Amniotic Sac'
         ---------
      ---------
   ---------
   (0040,A010) Relationship Type                   CS: 'CONTAINS'
   (0040,A040) Value Type                          CS: 'NUM'
   (0040,A043)  Concept Name Code Sequence  1 item(s) ---- 
      (0008,0100) Code Value                          SH: '99009-1'
      (0008,0102) Coding Scheme Designator            SH: 'GEK'
      (0008,0104) Code Meaning                        LO: 'AMNIOTIC FLUID INDEX LEN q2'
      ---------
   (0040,A300)  Measured Value Sequence  1 item(s) ---- 
      (0040,08EA)  Measurement Units Code Sequence  1 item(s) ---- 
         (0008,0100) Code Value                          SH: 'mm'
         (0008,0102) Coding Scheme Designator            SH: 'UCUM'
         (0008,0103) Coding Scheme Version               SH: '1.4'
         (0008,0104) Code Meaning                        LO: 'mm'
         ---------
      (0040,A30A) Numeric Value                       DS: '32.32'
      ---------
   (0040,A730)  Content Sequence  2 item(s) ---- 
      (0040,A010) Relationship Type                   CS: 'HAS CONCEPT MOD'
      (0040,A040) Value Type                          CS: 'CODE'
      (0040,A043)  Concept Name Code Sequence  1 item(s) ---- 
         (0008,0100) Code Value                          SH: 'G-C0E3'
         (0008,0102) Coding Scheme Designator            SH: 'SRT'
         (0008,0104) Code Meaning                        LO: 'Finding Site'
         ---------
      (0040,A168)  Concept Code Sequence  1 item(s) ---- 
         (0008,0100) Code Value                          SH: 'T-F1300'
         (0008,0102) Coding Scheme Designator            SH: 'SRT'
         (0008,0104) Code Meaning                        LO: 'Amniotic Sac'
         ---------
      ---------
      (0040,A010) Relationship Type                   CS: 'HAS CONCEPT MOD'
      (0040,A040) Value Type                          CS: 'CODE'
      (0040,A043)  Concept Name Code Sequence  1 item(s) ---- 
         (0008,0100) Code Value                          SH: '121401'
         (0008,0102) Coding Scheme Designator            SH: 'DCM'
         (0008,0104) Code Meaning                        LO: 'Derivation'
         ---------
      (0040,A168)  Concept Code Sequence  1 item(s) ---- 
         (0008,0100) Code Value                          SH: 'R-00317'
         (0008,0102) Coding Scheme Designator            SH: 'SRT'
         (0008,0104) Code Meaning                        LO: 'Mean'
         ---------
      ---------
   ---------
   (0040,A010) Relationship Type                   CS: 'CONTAINS'
   (0040,A040) Value Type                          CS: 'NUM'
   (0040,A043)  Concept Name Code Sequence  1 item(s) ---- 
      (0008,0100) Code Value                          SH: '99009-2'
      (0008,0102) Coding Scheme Designator            SH: 'GEK'
      (0008,0104) Code Meaning                        LO: 'AMNIOTIC FLUID INDEX LEN q3'
      ---------
   (0040,A300)  Measured Value Sequence  1 item(s) ---- 
      (0040,08EA)  Measurement Units Code Sequence  1 item(s) ---- 
         (0008,0100) Code Value                          SH: 'mm'
         (0008,0102) Coding Scheme Designator            SH: 'UCUM'
         (0008,0103) Coding Scheme Version               SH: '1.4'
         (0008,0104) Code Meaning                        LO: 'mm'
         ---------
      (0040,A30A) Numeric Value                       DS: '59.97'
      ---------
   (0040,A730)  Content Sequence  1 item(s) ---- 
      (0040,A010) Relationship Type                   CS: 'HAS CONCEPT MOD'
      (0040,A040) Value Type                          CS: 'CODE'
      (0040,A043)  Concept Name Code Sequence  1 item(s) ---- 
         (0008,0100) Code Value                          SH: 'G-C0E3'
         (0008,0102) Coding Scheme Designator            SH: 'SRT'
         (0008,0104) Code Meaning                        LO: 'Finding Site'
         ---------
      (0040,A168)  Concept Code Sequence  1 item(s) ---- 
         (0008,0100) Code Value                          SH: 'T-F1300'
         (0008,0102) Coding Scheme Designator            SH: 'SRT'
         (0008,0104) Code Meaning                        LO: 'Amniotic Sac'
         ---------
      ---------
   ---------
   (0040,A010) Relationship Type                   CS: 'CONTAINS'
   (0040,A040) Value Type                          CS: 'NUM'
   (0040,A043)  Concept Name Code Sequence  1 item(s) ---- 
      (0008,0100) Code Value                          SH: '99009-2'
      (0008,0102) Coding Scheme Designator            SH: 'GEK'
      (0008,0104) Code Meaning                        LO: 'AMNIOTIC FLUID INDEX LEN q3'
      ---------
   (0040,A300)  Measured Value Sequence  1 item(s) ---- 
      (0040,08EA)  Measurement Units Code Sequence  1 item(s) ---- 
         (0008,0100) Code Value                          SH: 'mm'
         (0008,0102) Coding Scheme Designator            SH: 'UCUM'
         (0008,0103) Coding Scheme Version               SH: '1.4'
         (0008,0104) Code Meaning                        LO: 'mm'
         ---------
      (0040,A30A) Numeric Value                       DS: '59.97'
      ---------
   (0040,A730)  Content Sequence  2 item(s) ---- 
      (0040,A010) Relationship Type                   CS: 'HAS CONCEPT MOD'
      (0040,A040) Value Type                          CS: 'CODE'
      (0040,A043)  Concept Name Code Sequence  1 item(s) ---- 
         (0008,0100) Code Value                          SH: 'G-C0E3'
         (0008,0102) Coding Scheme Designator            SH: 'SRT'
         (0008,0104) Code Meaning                        LO: 'Finding Site'
         ---------
      (0040,A168)  Concept Code Sequence  1 item(s) ---- 
         (0008,0100) Code Value                          SH: 'T-F1300'
         (0008,0102) Coding Scheme Designator            SH: 'SRT'
         (0008,0104) Code Meaning                        LO: 'Amniotic Sac'
         ---------
      ---------
      (0040,A010) Relationship Type                   CS: 'HAS CONCEPT MOD'
      (0040,A040) Value Type                          CS: 'CODE'
      (0040,A043)  Concept Name Code Sequence  1 item(s) ---- 
         (0008,0100) Code Value                          SH: '121401'
         (0008,0102) Coding Scheme Designator            SH: 'DCM'
         (0008,0104) Code Meaning                        LO: 'Derivation'
         ---------
      (0040,A168)  Concept Code Sequence  1 item(s) ---- 
         (0008,0100) Code Value                          SH: 'R-00317'
         (0008,0102) Coding Scheme Designator            SH: 'SRT'
         (0008,0104) Code Meaning                        LO: 'Mean'
         ---------
      ---------
   ---------
   (0040,A010) Relationship Type                   CS: 'CONTAINS'
   (0040,A040) Value Type                          CS: 'NUM'
   (0040,A043)  Concept Name Code Sequence  1 item(s) ---- 
      (0008,0100) Code Value                          SH: '99009-3'
      (0008,0102) Coding Scheme Designator            SH: 'GEK'
      (0008,0104) Code Meaning                        LO: 'AMNIOTIC FLUID INDEX LEN q4'
      ---------
   (0040,A300)  Measured Value Sequence  1 item(s) ---- 
      (0040,08EA)  Measurement Units Code Sequence  1 item(s) ---- 
         (0008,0100) Code Value                          SH: 'mm'
         (0008,0102) Coding Scheme Designator            SH: 'UCUM'
         (0008,0103) Coding Scheme Version               SH: '1.4'
         (0008,0104) Code Meaning                        LO: 'mm'
         ---------
      (0040,A30A) Numeric Value                       DS: '57.13'
      ---------
   (0040,A730)  Content Sequence  1 item(s) ---- 
      (0040,A010) Relationship Type                   CS: 'HAS CONCEPT MOD'
      (0040,A040) Value Type                          CS: 'CODE'
      (0040,A043)  Concept Name Code Sequence  1 item(s) ---- 
         (0008,0100) Code Value                          SH: 'G-C0E3'
         (0008,0102) Coding Scheme Designator            SH: 'SRT'
         (0008,0104) Code Meaning                        LO: 'Finding Site'
         ---------
      (0040,A168)  Concept Code Sequence  1 item(s) ---- 
         (0008,0100) Code Value                          SH: 'T-F1300'
         (0008,0102) Coding Scheme Designator            SH: 'SRT'
         (0008,0104) Code Meaning                        LO: 'Amniotic Sac'
         ---------
      ---------
   ---------
   (0040,A010) Relationship Type                   CS: 'CONTAINS'
   (0040,A040) Value Type                          CS: 'NUM'
   (0040,A043)  Concept Name Code Sequence  1 item(s) ---- 
      (0008,0100) Code Value                          SH: '99009-3'
      (0008,0102) Coding Scheme Designator            SH: 'GEK'
      (0008,0104) Code Meaning                        LO: 'AMNIOTIC FLUID INDEX LEN q4'
      ---------
   (0040,A300)  Measured Value Sequence  1 item(s) ---- 
      (0040,08EA)  Measurement Units Code Sequence  1 item(s) ---- 
         (0008,0100) Code Value                          SH: 'mm'
         (0008,0102) Coding Scheme Designator            SH: 'UCUM'
         (0008,0103) Coding Scheme Version               SH: '1.4'
         (0008,0104) Code Meaning                        LO: 'mm'
         ---------
      (0040,A30A) Numeric Value                       DS: '57.13'
      ---------
   (0040,A730)  Content Sequence  2 item(s) ---- 
      (0040,A010) Relationship Type                   CS: 'HAS CONCEPT MOD'
      (0040,A040) Value Type                          CS: 'CODE'
      (0040,A043)  Concept Name Code Sequence  1 item(s) ---- 
         (0008,0100) Code Value                          SH: 'G-C0E3'
         (0008,0102) Coding Scheme Designator            SH: 'SRT'
         (0008,0104) Code Meaning                        LO: 'Finding Site'
         ---------
      (0040,A168)  Concept Code Sequence  1 item(s) ---- 
         (0008,0100) Code Value                          SH: 'T-F1300'
         (0008,0102) Coding Scheme Designator            SH: 'SRT'
         (0008,0104) Code Meaning                        LO: 'Amniotic Sac'
         ---------
      ---------
      (0040,A010) Relationship Type                   CS: 'HAS CONCEPT MOD'
      (0040,A040) Value Type                          CS: 'CODE'
      (0040,A043)  Concept Name Code Sequence  1 item(s) ---- 
         (0008,0100) Code Value                          SH: '121401'
         (0008,0102) Coding Scheme Designator            SH: 'DCM'
         (0008,0104) Code Meaning                        LO: 'Derivation'
         ---------
      (0040,A168)  Concept Code Sequence  1 item(s) ---- 
         (0008,0100) Code Value                          SH: 'R-00317'
         (0008,0102) Coding Scheme Designator            SH: 'SRT'
         (0008,0104) Code Meaning                        LO: 'Mean'
         ---------
      ---------
   ---------
   (0040,A010) Relationship Type                   CS: 'CONTAINS'
   (0040,A040) Value Type                          CS: 'NUM'
   (0040,A043)  Concept Name Code Sequence  1 item(s) ---- 
      (0008,0100) Code Value                          SH: '99009-4'
      (0008,0102) Coding Scheme Designator            SH: 'GEK'
      (0008,0104) Code Meaning                        LO: 'AMNIOTIC FLUID INDEX.SUM ;four quadrant index'
      ---------
   (0040,A300)  Measured Value Sequence  1 item(s) ---- 
      (0040,08EA)  Measurement Units Code Sequence  1 item(s) ---- 
         (0008,0100) Code Value                          SH: 'cm'
         (0008,0102) Coding Scheme Designator            SH: 'UCUM'
         (0008,0103) Coding Scheme Version               SH: '1.4'
         (0008,0104) Code Meaning                        LO: 'cm'
         ---------
      (0040,A30A) Numeric Value                       DS: '18.86'
      ---------
   (0040,A730)  Content Sequence  2 item(s) ---- 
      (0040,A010) Relationship Type                   CS: 'HAS CONCEPT MOD'
      (0040,A040) Value Type                          CS: 'CODE'
      (0040,A043)  Concept Name Code Sequence  1 item(s) ---- 
         (0008,0100) Code Value                          SH: 'G-C0E3'
         (0008,0102) Coding Scheme Designator            SH: 'SRT'
         (0008,0104) Code Meaning                        LO: 'Finding Site'
         ---------
      (0040,A168)  Concept Code Sequence  1 item(s) ---- 
         (0008,0100) Code Value                          SH: 'T-F1300'
         (0008,0102) Coding Scheme Designator            SH: 'SRT'
         (0008,0104) Code Meaning                        LO: 'Amniotic Sac'
         ---------
      ---------
      (0040,A010) Relationship Type                   CS: 'HAS CONCEPT MOD'
      (0040,A040) Value Type                          CS: 'CODE'
      (0040,A043)  Concept Name Code Sequence  1 item(s) ---- 
         (0008,0100) Code Value                          SH: '121401'
         (0008,0102) Coding Scheme Designator            SH: 'DCM'
         (0008,0104) Code Meaning                        LO: 'Derivation'
         ---------
      (0040,A168)  Concept Code Sequence  1 item(s) ---- 
         (0008,0100) Code Value                          SH: '121428'
         (0008,0102) Coding Scheme Designator            SH: 'DCM'
         (0008,0104) Code Meaning                        LO: 'Calculated'
         ---------
      ---------
   ---------(0040,A010) Relationship Type                   CS: 'CONTAINS'
(0040,A040) Value Type                          CS: 'CONTAINER'
(0040,A043)  Concept Name Code Sequence  1 item(s) ---- 
   (0008,0100) Code Value                          SH: '99001'
   (0008,0102) Coding Scheme Designator            SH: 'VP99'
   (0008,0104) Code Meaning                        LO: 'Maternal Doppler'
   ---------
(0040,A050) Continuity Of Content               CS: 'SEPARATE'
(0040,A730)  Content Sequence  2 item(s) ---- 
   (0040,A010) Relationship Type                   CS: 'CONTAINS'
   (0040,A040) Value Type                          CS: 'CONTAINER'
   (0040,A043)  Concept Name Code Sequence  1 item(s) ---- 
      (0008,0100) Code Value                          SH: '99100'
      (0008,0102) Coding Scheme Designator            SH: '99VP'
      (0008,0104) Code Meaning                        LO: 'Doppler Group'
      ---------
   (0040,A050) Continuity Of Content               CS: 'SEPARATE'
   (0040,A730)  Content Sequence  20 item(s) ---- 
      (0040,A010) Relationship Type                   CS: 'CONTAINS'
      (0040,A040) Value Type                          CS: 'NUM'
      (0040,A043)  Concept Name Code Sequence  1 item(s) ---- 
         (0008,0100) Code Value                          SH: '11726-7'
         (0008,0102) Coding Scheme Designator            SH: 'LN'
         (0008,0104) Code Meaning                        LO: 'Peak Systolic Velocity'
         ---------
      (0040,A300)  Measured Value Sequence  1 item(s) ---- 
         (0040,08EA)  Measurement Units Code Sequence  1 item(s) ---- 
            (0008,0100) Code Value                          SH: 'cm/s'
            (0008,0102) Coding Scheme Designator            SH: 'UCUM'
            (0008,0103) Coding Scheme Version               SH: '1.4'
            (0008,0104) Code Meaning                        LO: 'cm/s'
            ---------
         (0040,A30A) Numeric Value                       DS: '93.63'
         ---------
      (0040,A730)  Content Sequence  1 item(s) ---- 
         (0040,A010) Relationship Type                   CS: 'HAS CONCEPT MOD'
         (0040,A040) Value Type                          CS: 'CODE'
         (0040,A043)  Concept Name Code Sequence  1 item(s) ---- 
            (0008,0100) Code Value                          SH: 'G-C0E3'
            (0008,0102) Coding Scheme Designator            SH: 'SRT'
            (0008,0104) Code Meaning                        LO: 'Finding Site'
            ---------
         (0040,A168)  Concept Code Sequence  1 item(s) ---- 
            (0008,0100) Code Value                          SH: 'T-46820'
            (0008,0102) Coding Scheme Designator            SH: 'SRT'
            (0008,0104) Code Meaning                        LO: 'Uterine Artery'
            ---------
         (0040,A730)  Content Sequence  1 item(s) ---- 
            (0040,A010) Relationship Type                   CS: 'HAS CONCEPT MOD'
            (0040,A040) Value Type                          CS: 'CODE'
            (0040,A043)  Concept Name Code Sequence  1 item(s) ---- 
               (0008,0100) Code Value                          SH: 'G-C171'
               (0008,0102) Coding Scheme Designator            SH: 'SRT'
               (0008,0104) Code Meaning                        LO: 'Laterality'
               ---------
            (0040,A168)  Concept Code Sequence  1 item(s) ---- 
               (0008,0100) Code Value                          SH: 'G-A101'
               (0008,0102) Coding Scheme Designator            SH: 'SRT'
               (0008,0104) Code Meaning                        LO: 'Left'
               ---------
            ---------
         ---------
      ---------
      (0040,A010) Relationship Type                   CS: 'CONTAINS'
      (0040,A040) Value Type                          CS: 'NUM'
      (0040,A043)  Concept Name Code Sequence  1 item(s) ---- 
         (0008,0100) Code Value                          SH: '11726-7'
         (0008,0102) Coding Scheme Designator            SH: 'LN'
         (0008,0104) Code Meaning                        LO: 'Peak Systolic Velocity'
         ---------
      (0040,A300)  Measured Value Sequence  1 item(s) ---- 
         (0040,08EA)  Measurement Units Code Sequence  1 item(s) ---- 
            (0008,0100) Code Value                          SH: 'cm/s'
            (0008,0102) Coding Scheme Designator            SH: 'UCUM'
            (0008,0103) Coding Scheme Version               SH: '1.4'
            (0008,0104) Code Meaning                        LO: 'cm/s'
            ---------
         (0040,A30A) Numeric Value                       DS: '93.63'
         ---------
      (0040,A730)  Content Sequence  2 item(s) ---- 
         (0040,A010) Relationship Type                   CS: 'HAS CONCEPT MOD'
         (0040,A040) Value Type                          CS: 'CODE'
         (0040,A043)  Concept Name Code Sequence  1 item(s) ---- 
            (0008,0100) Code Value                          SH: 'G-C0E3'
            (0008,0102) Coding Scheme Designator            SH: 'SRT'
            (0008,0104) Code Meaning                        LO: 'Finding Site'
            ---------
         (0040,A168)  Concept Code Sequence  1 item(s) ---- 
            (0008,0100) Code Value                          SH: 'T-46820'
            (0008,0102) Coding Scheme Designator            SH: 'SRT'
            (0008,0104) Code Meaning                        LO: 'Uterine Artery'
            ---------
         (0040,A730)  Content Sequence  1 item(s) ---- 
            (0040,A010) Relationship Type                   CS: 'HAS CONCEPT MOD'
            (0040,A040) Value Type                          CS: 'CODE'
            (0040,A043)  Concept Name Code Sequence  1 item(s) ---- 
               (0008,0100) Code Value                          SH: 'G-C171'
               (0008,0102) Coding Scheme Designator            SH: 'SRT'
               (0008,0104) Code Meaning                        LO: 'Laterality'
               ---------
            (0040,A168)  Concept Code Sequence  1 item(s) ---- 
               (0008,0100) Code Value                          SH: 'G-A101'
               (0008,0102) Coding Scheme Designator            SH: 'SRT'
               (0008,0104) Code Meaning                        LO: 'Left'
               ---------
            ---------
         ---------
         (0040,A010) Relationship Type                   CS: 'HAS CONCEPT MOD'
         (0040,A040) Value Type                          CS: 'CODE'
         (0040,A043)  Concept Name Code Sequence  1 item(s) ---- 
            (0008,0100) Code Value                          SH: '121401'
            (0008,0102) Coding Scheme Designator            SH: 'DCM'
            (0008,0104) Code Meaning                        LO: 'Derivation'
            ---------
         (0040,A168)  Concept Code Sequence  1 item(s) ---- 
            (0008,0100) Code Value                          SH: 'G-A437'
            (0008,0102) Coding Scheme Designator            SH: 'SRT'
            (0008,0104) Code Meaning                        LO: 'Maximum'
            ---------
         ---------
      ---------
      (0040,A010) Relationship Type                   CS: 'CONTAINS'
      (0040,A040) Value Type                          CS: 'NUM'
      (0040,A043)  Concept Name Code Sequence  1 item(s) ---- 
         (0008,0100) Code Value                          SH: '11653-3'
         (0008,0102) Coding Scheme Designator            SH: 'LN'
         (0008,0104) Code Meaning                        LO: 'End Diastolic Velocity'
         ---------
      (0040,A300)  Measured Value Sequence  1 item(s) ---- 
         (0040,08EA)  Measurement Units Code Sequence  1 item(s) ---- 
            (0008,0100) Code Value                          SH: 'cm/s'
            (0008,0102) Coding Scheme Designator            SH: 'UCUM'
            (0008,0103) Coding Scheme Version               SH: '1.4'
            (0008,0104) Code Meaning                        LO: 'cm/s'
            ---------
         (0040,A30A) Numeric Value                       DS: '46.16'
         ---------
      (0040,A730)  Content Sequence  1 item(s) ---- 
         (0040,A010) Relationship Type                   CS: 'HAS CONCEPT MOD'
         (0040,A040) Value Type                          CS: 'CODE'
         (0040,A043)  Concept Name Code Sequence  1 item(s) ---- 
            (0008,0100) Code Value                          SH: 'G-C0E3'
            (0008,0102) Coding Scheme Designator            SH: 'SRT'
            (0008,0104) Code Meaning                        LO: 'Finding Site'
            ---------
         (0040,A168)  Concept Code Sequence  1 item(s) ---- 
            (0008,0100) Code Value                          SH: 'T-46820'
            (0008,0102) Coding Scheme Designator            SH: 'SRT'
            (0008,0104) Code Meaning                        LO: 'Uterine Artery'
            ---------
         (0040,A730)  Content Sequence  1 item(s) ---- 
            (0040,A010) Relationship Type                   CS: 'HAS CONCEPT MOD'
            (0040,A040) Value Type                          CS: 'CODE'
            (0040,A043)  Concept Name Code Sequence  1 item(s) ---- 
               (0008,0100) Code Value                          SH: 'G-C171'
               (0008,0102) Coding Scheme Designator            SH: 'SRT'
               (0008,0104) Code Meaning                        LO: 'Laterality'
               ---------
            (0040,A168)  Concept Code Sequence  1 item(s) ---- 
               (0008,0100) Code Value                          SH: 'G-A101'
               (0008,0102) Coding Scheme Designator            SH: 'SRT'
               (0008,0104) Code Meaning                        LO: 'Left'
               ---------
            ---------
         ---------
      ---------
      (0040,A010) Relationship Type                   CS: 'CONTAINS'
      (0040,A040) Value Type                          CS: 'NUM'
      (0040,A043)  Concept Name Code Sequence  1 item(s) ---- 
         (0008,0100) Code Value                          SH: '11653-3'
         (0008,0102) Coding Scheme Designator            SH: 'LN'
         (0008,0104) Code Meaning                        LO: 'End Diastolic Velocity'
         ---------
      (0040,A300)  Measured Value Sequence  1 item(s) ---- 
         (0040,08EA)  Measurement Units Code Sequence  1 item(s) ---- 
            (0008,0100) Code Value                          SH: 'cm/s'
            (0008,0102) Coding Scheme Designator            SH: 'UCUM'
            (0008,0103) Coding Scheme Version               SH: '1.4'
            (0008,0104) Code Meaning                        LO: 'cm/s'
            ---------
         (0040,A30A) Numeric Value                       DS: '46.16'
         ---------
      (0040,A730)  Content Sequence  2 item(s) ---- 
         (0040,A010) Relationship Type                   CS: 'HAS CONCEPT MOD'
         (0040,A040) Value Type                          CS: 'CODE'
         (0040,A043)  Concept Name Code Sequence  1 item(s) ---- 
            (0008,0100) Code Value                          SH: 'G-C0E3'
            (0008,0102) Coding Scheme Designator            SH: 'SRT'
            (0008,0104) Code Meaning                        LO: 'Finding Site'
            ---------
         (0040,A168)  Concept Code Sequence  1 item(s) ---- 
            (0008,0100) Code Value                          SH: 'T-46820'
            (0008,0102) Coding Scheme Designator            SH: 'SRT'
            (0008,0104) Code Meaning                        LO: 'Uterine Artery'
            ---------
         (0040,A730)  Content Sequence  1 item(s) ---- 
            (0040,A010) Relationship Type                   CS: 'HAS CONCEPT MOD'
            (0040,A040) Value Type                          CS: 'CODE'
            (0040,A043)  Concept Name Code Sequence  1 item(s) ---- 
               (0008,0100) Code Value                          SH: 'G-C171'
               (0008,0102) Coding Scheme Designator            SH: 'SRT'
               (0008,0104) Code Meaning                        LO: 'Laterality'
               ---------
            (0040,A168)  Concept Code Sequence  1 item(s) ---- 
               (0008,0100) Code Value                          SH: 'G-A101'
               (0008,0102) Coding Scheme Designator            SH: 'SRT'
               (0008,0104) Code Meaning                        LO: 'Left'
               ---------
            ---------
         ---------
         (0040,A010) Relationship Type                   CS: 'HAS CONCEPT MOD'
         (0040,A040) Value Type                          CS: 'CODE'
         (0040,A043)  Concept Name Code Sequence  1 item(s) ---- 
            (0008,0100) Code Value                          SH: '121401'
            (0008,0102) Coding Scheme Designator            SH: 'DCM'
            (0008,0104) Code Meaning                        LO: 'Derivation'
            ---------
         (0040,A168)  Concept Code Sequence  1 item(s) ---- 
            (0008,0100) Code Value                          SH: 'G-A437'
            (0008,0102) Coding Scheme Designator            SH: 'SRT'
            (0008,0104) Code Meaning                        LO: 'Maximum'
            ---------
         ---------
      ---------
      (0040,A010) Relationship Type                   CS: 'CONTAINS'
      (0040,A040) Value Type                          CS: 'NUM'
      (0040,A043)  Concept Name Code Sequence  1 item(s) ---- 
         (0008,0100) Code Value                          SH: '11692-1'
         (0008,0102) Coding Scheme Designator            SH: 'LN'
         (0008,0104) Code Meaning                        LO: 'Time averaged peak velocity'
         ---------
      (0040,A300)  Measured Value Sequence  1 item(s) ---- 
         (0040,08EA)  Measurement Units Code Sequence  1 item(s) ---- 
            (0008,0100) Code Value                          SH: 'cm/s'
            (0008,0102) Coding Scheme Designator            SH: 'UCUM'
            (0008,0103) Coding Scheme Version               SH: '1.4'
            (0008,0104) Code Meaning                        LO: 'cm/s'
            ---------
         (0040,A30A) Numeric Value                       DS: '56.60'
         ---------
      (0040,A730)  Content Sequence  1 item(s) ---- 
         (0040,A010) Relationship Type                   CS: 'HAS CONCEPT MOD'
         (0040,A040) Value Type                          CS: 'CODE'
         (0040,A043)  Concept Name Code Sequence  1 item(s) ---- 
            (0008,0100) Code Value                          SH: 'G-C0E3'
            (0008,0102) Coding Scheme Designator            SH: 'SRT'
            (0008,0104) Code Meaning                        LO: 'Finding Site'
            ---------
         (0040,A168)  Concept Code Sequence  1 item(s) ---- 
            (0008,0100) Code Value                          SH: 'T-46820'
            (0008,0102) Coding Scheme Designator            SH: 'SRT'
            (0008,0104) Code Meaning                        LO: 'Uterine Artery'
            ---------
         (0040,A730)  Content Sequence  1 item(s) ---- 
            (0040,A010) Relationship Type                   CS: 'HAS CONCEPT MOD'
            (0040,A040) Value Type                          CS: 'CODE'
            (0040,A043)  Concept Name Code Sequence  1 item(s) ---- 
               (0008,0100) Code Value                          SH: 'G-C171'
               (0008,0102) Coding Scheme Designator            SH: 'SRT'
               (0008,0104) Code Meaning                        LO: 'Laterality'
               ---------
            (0040,A168)  Concept Code Sequence  1 item(s) ---- 
               (0008,0100) Code Value                          SH: 'G-A101'
               (0008,0102) Coding Scheme Designator            SH: 'SRT'
               (0008,0104) Code Meaning                        LO: 'Left'
               ---------
            ---------
         ---------
      ---------
      (0040,A010) Relationship Type                   CS: 'CONTAINS'
      (0040,A040) Value Type                          CS: 'NUM'
      (0040,A043)  Concept Name Code Sequence  1 item(s) ---- 
         (0008,0100) Code Value                          SH: '11692-1'
         (0008,0102) Coding Scheme Designator            SH: 'LN'
         (0008,0104) Code Meaning                        LO: 'Time averaged peak velocity'
         ---------
      (0040,A300)  Measured Value Sequence  1 item(s) ---- 
         (0040,08EA)  Measurement Units Code Sequence  1 item(s) ---- 
            (0008,0100) Code Value                          SH: 'cm/s'
            (0008,0102) Coding Scheme Designator            SH: 'UCUM'
            (0008,0103) Coding Scheme Version               SH: '1.4'
            (0008,0104) Code Meaning                        LO: 'cm/s'
            ---------
         (0040,A30A) Numeric Value                       DS: '56.60'
         ---------
      (0040,A730)  Content Sequence  2 item(s) ---- 
         (0040,A010) Relationship Type                   CS: 'HAS CONCEPT MOD'
         (0040,A040) Value Type                          CS: 'CODE'
         (0040,A043)  Concept Name Code Sequence  1 item(s) ---- 
            (0008,0100) Code Value                          SH: 'G-C0E3'
            (0008,0102) Coding Scheme Designator            SH: 'SRT'
            (0008,0104) Code Meaning                        LO: 'Finding Site'
            ---------
         (0040,A168)  Concept Code Sequence  1 item(s) ---- 
            (0008,0100) Code Value                          SH: 'T-46820'
            (0008,0102) Coding Scheme Designator            SH: 'SRT'
            (0008,0104) Code Meaning                        LO: 'Uterine Artery'
            ---------
         (0040,A730)  Content Sequence  1 item(s) ---- 
            (0040,A010) Relationship Type                   CS: 'HAS CONCEPT MOD'
            (0040,A040) Value Type                          CS: 'CODE'
            (0040,A043)  Concept Name Code Sequence  1 item(s) ---- 
               (0008,0100) Code Value                          SH: 'G-C171'
               (0008,0102) Coding Scheme Designator            SH: 'SRT'
               (0008,0104) Code Meaning                        LO: 'Laterality'
               ---------
            (0040,A168)  Concept Code Sequence  1 item(s) ---- 
               (0008,0100) Code Value                          SH: 'G-A101'
               (0008,0102) Coding Scheme Designator            SH: 'SRT'
               (0008,0104) Code Meaning                        LO: 'Left'
               ---------
            ---------
         ---------
         (0040,A010) Relationship Type                   CS: 'HAS CONCEPT MOD'
         (0040,A040) Value Type                          CS: 'CODE'
         (0040,A043)  Concept Name Code Sequence  1 item(s) ---- 
            (0008,0100) Code Value                          SH: '121401'
            (0008,0102) Coding Scheme Designator            SH: 'DCM'
            (0008,0104) Code Meaning                        LO: 'Derivation'
            ---------
         (0040,A168)  Concept Code Sequence  1 item(s) ---- 
            (0008,0100) Code Value                          SH: 'G-A437'
            (0008,0102) Coding Scheme Designator            SH: 'SRT'
            (0008,0104) Code Meaning                        LO: 'Maximum'
            ---------
         ---------
      ---------
      (0040,A010) Relationship Type                   CS: 'CONTAINS'
      (0040,A040) Value Type                          CS: 'NUM'
      (0040,A043)  Concept Name Code Sequence  1 item(s) ---- 
         (0008,0100) Code Value                          SH: '20352-1'
         (0008,0102) Coding Scheme Designator            SH: 'LN'
         (0008,0104) Code Meaning                        LO: 'Time averaged mean velocity'
         ---------
      (0040,A300)  Measured Value Sequence  1 item(s) ---- 
         (0040,08EA)  Measurement Units Code Sequence  1 item(s) ---- 
            (0008,0100) Code Value                          SH: 'cm/s'
            (0008,0102) Coding Scheme Designator            SH: 'UCUM'
            (0008,0103) Coding Scheme Version               SH: '1.4'
            (0008,0104) Code Meaning                        LO: 'cm/s'
            ---------
         (0040,A30A) Numeric Value                       DS: '22.61'
         ---------
      (0040,A730)  Content Sequence  1 item(s) ---- 
         (0040,A010) Relationship Type                   CS: 'HAS CONCEPT MOD'
         (0040,A040) Value Type                          CS: 'CODE'
         (0040,A043)  Concept Name Code Sequence  1 item(s) ---- 
            (0008,0100) Code Value                          SH: 'G-C0E3'
            (0008,0102) Coding Scheme Designator            SH: 'SRT'
            (0008,0104) Code Meaning                        LO: 'Finding Site'
            ---------
         (0040,A168)  Concept Code Sequence  1 item(s) ---- 
            (0008,0100) Code Value                          SH: 'T-46820'
            (0008,0102) Coding Scheme Designator            SH: 'SRT'
            (0008,0104) Code Meaning                        LO: 'Uterine Artery'
            ---------
         (0040,A730)  Content Sequence  1 item(s) ---- 
            (0040,A010) Relationship Type                   CS: 'HAS CONCEPT MOD'
            (0040,A040) Value Type                          CS: 'CODE'
            (0040,A043)  Concept Name Code Sequence  1 item(s) ---- 
               (0008,0100) Code Value                          SH: 'G-C171'
               (0008,0102) Coding Scheme Designator            SH: 'SRT'
               (0008,0104) Code Meaning                        LO: 'Laterality'
               ---------
            (0040,A168)  Concept Code Sequence  1 item(s) ---- 
               (0008,0100) Code Value                          SH: 'G-A101'
               (0008,0102) Coding Scheme Designator            SH: 'SRT'
               (0008,0104) Code Meaning                        LO: 'Left'
               ---------
            ---------
         ---------
      ---------
      (0040,A010) Relationship Type                   CS: 'CONTAINS'
      (0040,A040) Value Type                          CS: 'NUM'
      (0040,A043)  Concept Name Code Sequence  1 item(s) ---- 
         (0008,0100) Code Value                          SH: '20352-1'
         (0008,0102) Coding Scheme Designator            SH: 'LN'
         (0008,0104) Code Meaning                        LO: 'Time averaged mean velocity'
         ---------
      (0040,A300)  Measured Value Sequence  1 item(s) ---- 
         (0040,08EA)  Measurement Units Code Sequence  1 item(s) ---- 
            (0008,0100) Code Value                          SH: 'cm/s'
            (0008,0102) Coding Scheme Designator            SH: 'UCUM'
            (0008,0103) Coding Scheme Version               SH: '1.4'
            (0008,0104) Code Meaning                        LO: 'cm/s'
            ---------
         (0040,A30A) Numeric Value                       DS: '22.61'
         ---------
      (0040,A730)  Content Sequence  2 item(s) ---- 
         (0040,A010) Relationship Type                   CS: 'HAS CONCEPT MOD'
         (0040,A040) Value Type                          CS: 'CODE'
         (0040,A043)  Concept Name Code Sequence  1 item(s) ---- 
            (0008,0100) Code Value                          SH: 'G-C0E3'
            (0008,0102) Coding Scheme Designator            SH: 'SRT'
            (0008,0104) Code Meaning                        LO: 'Finding Site'
            ---------
         (0040,A168)  Concept Code Sequence  1 item(s) ---- 
            (0008,0100) Code Value                          SH: 'T-46820'
            (0008,0102) Coding Scheme Designator            SH: 'SRT'
            (0008,0104) Code Meaning                        LO: 'Uterine Artery'
            ---------
         (0040,A730)  Content Sequence  1 item(s) ---- 
            (0040,A010) Relationship Type                   CS: 'HAS CONCEPT MOD'
            (0040,A040) Value Type                          CS: 'CODE'
            (0040,A043)  Concept Name Code Sequence  1 item(s) ---- 
               (0008,0100) Code Value                          SH: 'G-C171'
               (0008,0102) Coding Scheme Designator            SH: 'SRT'
               (0008,0104) Code Meaning                        LO: 'Laterality'
               ---------
            (0040,A168)  Concept Code Sequence  1 item(s) ---- 
               (0008,0100) Code Value                          SH: 'G-A101'
               (0008,0102) Coding Scheme Designator            SH: 'SRT'
               (0008,0104) Code Meaning                        LO: 'Left'
               ---------
            ---------
         ---------
         (0040,A010) Relationship Type                   CS: 'HAS CONCEPT MOD'
         (0040,A040) Value Type                          CS: 'CODE'
         (0040,A043)  Concept Name Code Sequence  1 item(s) ---- 
            (0008,0100) Code Value                          SH: '121401'
            (0008,0102) Coding Scheme Designator            SH: 'DCM'
            (0008,0104) Code Meaning                        LO: 'Derivation'
            ---------
         (0040,A168)  Concept Code Sequence  1 item(s) ---- 
            (0008,0100) Code Value                          SH: 'G-A437'
            (0008,0102) Coding Scheme Designator            SH: 'SRT'
            (0008,0104) Code Meaning                        LO: 'Maximum'
            ---------
         ---------
      ---------
      (0040,A010) Relationship Type                   CS: 'CONTAINS'
      (0040,A040) Value Type                          CS: 'NUM'
      (0040,A043)  Concept Name Code Sequence  1 item(s) ---- 
         (0008,0100) Code Value                          SH: '11665-7'
         (0008,0102) Coding Scheme Designator            SH: 'LN'
         (0008,0104) Code Meaning                        LO: 'Minimum Diastolic Velocity'
         ---------
      (0040,A300)  Measured Value Sequence  1 item(s) ---- 
         (0040,08EA)  Measurement Units Code Sequence  1 item(s) ---- 
            (0008,0100) Code Value                          SH: 'cm/s'
            (0008,0102) Coding Scheme Designator            SH: 'UCUM'
            (0008,0103) Coding Scheme Version               SH: '1.4'
            (0008,0104) Code Meaning                        LO: 'cm/s'
            ---------
         (0040,A30A) Numeric Value                       DS: '36.92'
         ---------
      (0040,A730)  Content Sequence  1 item(s) ---- 
         (0040,A010) Relationship Type                   CS: 'HAS CONCEPT MOD'
         (0040,A040) Value Type                          CS: 'CODE'
         (0040,A043)  Concept Name Code Sequence  1 item(s) ---- 
            (0008,0100) Code Value                          SH: 'G-C0E3'
            (0008,0102) Coding Scheme Designator            SH: 'SRT'
            (0008,0104) Code Meaning                        LO: 'Finding Site'
            ---------
         (0040,A168)  Concept Code Sequence  1 item(s) ---- 
            (0008,0100) Code Value                          SH: 'T-46820'
            (0008,0102) Coding Scheme Designator            SH: 'SRT'
            (0008,0104) Code Meaning                        LO: 'Uterine Artery'
            ---------
         (0040,A730)  Content Sequence  1 item(s) ---- 
            (0040,A010) Relationship Type                   CS: 'HAS CONCEPT MOD'
            (0040,A040) Value Type                          CS: 'CODE'
            (0040,A043)  Concept Name Code Sequence  1 item(s) ---- 
               (0008,0100) Code Value                          SH: 'G-C171'
               (0008,0102) Coding Scheme Designator            SH: 'SRT'
               (0008,0104) Code Meaning                        LO: 'Laterality'
               ---------
            (0040,A168)  Concept Code Sequence  1 item(s) ---- 
               (0008,0100) Code Value                          SH: 'G-A101'
               (0008,0102) Coding Scheme Designator            SH: 'SRT'
               (0008,0104) Code Meaning                        LO: 'Left'
               ---------
            ---------
         ---------
      ---------
      (0040,A010) Relationship Type                   CS: 'CONTAINS'
      (0040,A040) Value Type                          CS: 'NUM'
      (0040,A043)  Concept Name Code Sequence  1 item(s) ---- 
         (0008,0100) Code Value                          SH: '11665-7'
         (0008,0102) Coding Scheme Designator            SH: 'LN'
         (0008,0104) Code Meaning                        LO: 'Minimum Diastolic Velocity'
         ---------
      (0040,A300)  Measured Value Sequence  1 item(s) ---- 
         (0040,08EA)  Measurement Units Code Sequence  1 item(s) ---- 
            (0008,0100) Code Value                          SH: 'cm/s'
            (0008,0102) Coding Scheme Designator            SH: 'UCUM'
            (0008,0103) Coding Scheme Version               SH: '1.4'
            (0008,0104) Code Meaning                        LO: 'cm/s'
            ---------
         (0040,A30A) Numeric Value                       DS: '36.92'
         ---------
      (0040,A730)  Content Sequence  2 item(s) ---- 
         (0040,A010) Relationship Type                   CS: 'HAS CONCEPT MOD'
         (0040,A040) Value Type                          CS: 'CODE'
         (0040,A043)  Concept Name Code Sequence  1 item(s) ---- 
            (0008,0100) Code Value                          SH: 'G-C0E3'
            (0008,0102) Coding Scheme Designator            SH: 'SRT'
            (0008,0104) Code Meaning                        LO: 'Finding Site'
            ---------
         (0040,A168)  Concept Code Sequence  1 item(s) ---- 
            (0008,0100) Code Value                          SH: 'T-46820'
            (0008,0102) Coding Scheme Designator            SH: 'SRT'
            (0008,0104) Code Meaning                        LO: 'Uterine Artery'
            ---------
         (0040,A730)  Content Sequence  1 item(s) ---- 
            (0040,A010) Relationship Type                   CS: 'HAS CONCEPT MOD'
            (0040,A040) Value Type                          CS: 'CODE'
            (0040,A043)  Concept Name Code Sequence  1 item(s) ---- 
               (0008,0100) Code Value                          SH: 'G-C171'
               (0008,0102) Coding Scheme Designator            SH: 'SRT'
               (0008,0104) Code Meaning                        LO: 'Laterality'
               ---------
            (0040,A168)  Concept Code Sequence  1 item(s) ---- 
               (0008,0100) Code Value                          SH: 'G-A101'
               (0008,0102) Coding Scheme Designator            SH: 'SRT'
               (0008,0104) Code Meaning                        LO: 'Left'
               ---------
            ---------
         ---------
         (0040,A010) Relationship Type                   CS: 'HAS CONCEPT MOD'
         (0040,A040) Value Type                          CS: 'CODE'
         (0040,A043)  Concept Name Code Sequence  1 item(s) ---- 
            (0008,0100) Code Value                          SH: '121401'
            (0008,0102) Coding Scheme Designator            SH: 'DCM'
            (0008,0104) Code Meaning                        LO: 'Derivation'
            ---------
         (0040,A168)  Concept Code Sequence  1 item(s) ---- 
            (0008,0100) Code Value                          SH: 'G-A437'
            (0008,0102) Coding Scheme Designator            SH: 'SRT'
            (0008,0104) Code Meaning                        LO: 'Maximum'
            ---------
         ---------
      ---------
      (0040,A010) Relationship Type                   CS: 'CONTAINS'
      (0040,A040) Value Type                          CS: 'NUM'
      (0040,A043)  Concept Name Code Sequence  1 item(s) ---- 
         (0008,0100) Code Value                          SH: '12023-8'
         (0008,0102) Coding Scheme Designator            SH: 'LN'
         (0008,0104) Code Meaning                        LO: 'Resistivity Index'
         ---------
      (0040,A300)  Measured Value Sequence  1 item(s) ---- 
         (0040,08EA)  Measurement Units Code Sequence  1 item(s) ---- 
            (0008,0100) Code Value                          SH: '1'
            (0008,0102) Coding Scheme Designator            SH: 'UCUM'
            (0008,0103) Coding Scheme Version               SH: '1.4'
            (0008,0104) Code Meaning                        LO: 'no unit'
            ---------
         (0040,A30A) Numeric Value                       DS: '0.51'
         ---------
      (0040,A730)  Content Sequence  1 item(s) ---- 
         (0040,A010) Relationship Type                   CS: 'HAS CONCEPT MOD'
         (0040,A040) Value Type                          CS: 'CODE'
         (0040,A043)  Concept Name Code Sequence  1 item(s) ---- 
            (0008,0100) Code Value                          SH: 'G-C0E3'
            (0008,0102) Coding Scheme Designator            SH: 'SRT'
            (0008,0104) Code Meaning                        LO: 'Finding Site'
            ---------
         (0040,A168)  Concept Code Sequence  1 item(s) ---- 
            (0008,0100) Code Value                          SH: 'T-46820'
            (0008,0102) Coding Scheme Designator            SH: 'SRT'
            (0008,0104) Code Meaning                        LO: 'Uterine Artery'
            ---------
         (0040,A730)  Content Sequence  1 item(s) ---- 
            (0040,A010) Relationship Type                   CS: 'HAS CONCEPT MOD'
            (0040,A040) Value Type                          CS: 'CODE'
            (0040,A043)  Concept Name Code Sequence  1 item(s) ---- 
               (0008,0100) Code Value                          SH: 'G-C171'
               (0008,0102) Coding Scheme Designator            SH: 'SRT'
               (0008,0104) Code Meaning                        LO: 'Laterality'
               ---------
            (0040,A168)  Concept Code Sequence  1 item(s) ---- 
               (0008,0100) Code Value                          SH: 'G-A101'
               (0008,0102) Coding Scheme Designator            SH: 'SRT'
               (0008,0104) Code Meaning                        LO: 'Left'
               ---------
            ---------
         ---------
      ---------
      (0040,A010) Relationship Type                   CS: 'CONTAINS'
      (0040,A040) Value Type                          CS: 'NUM'
      (0040,A043)  Concept Name Code Sequence  1 item(s) ---- 
         (0008,0100) Code Value                          SH: '12023-8'
         (0008,0102) Coding Scheme Designator            SH: 'LN'
         (0008,0104) Code Meaning                        LO: 'Resistivity Index'
         ---------
      (0040,A300)  Measured Value Sequence  1 item(s) ---- 
         (0040,08EA)  Measurement Units Code Sequence  1 item(s) ---- 
            (0008,0100) Code Value                          SH: '1'
            (0008,0102) Coding Scheme Designator            SH: 'UCUM'
            (0008,0103) Coding Scheme Version               SH: '1.4'
            (0008,0104) Code Meaning                        LO: 'no unit'
            ---------
         (0040,A30A) Numeric Value                       DS: '0.51'
         ---------
      (0040,A730)  Content Sequence  2 item(s) ---- 
         (0040,A010) Relationship Type                   CS: 'HAS CONCEPT MOD'
         (0040,A040) Value Type                          CS: 'CODE'
         (0040,A043)  Concept Name Code Sequence  1 item(s) ---- 
            (0008,0100) Code Value                          SH: 'G-C0E3'
            (0008,0102) Coding Scheme Designator            SH: 'SRT'
            (0008,0104) Code Meaning                        LO: 'Finding Site'
            ---------
         (0040,A168)  Concept Code Sequence  1 item(s) ---- 
            (0008,0100) Code Value                          SH: 'T-46820'
            (0008,0102) Coding Scheme Designator            SH: 'SRT'
            (0008,0104) Code Meaning                        LO: 'Uterine Artery'
            ---------
         (0040,A730)  Content Sequence  1 item(s) ---- 
            (0040,A010) Relationship Type                   CS: 'HAS CONCEPT MOD'
            (0040,A040) Value Type                          CS: 'CODE'
            (0040,A043)  Concept Name Code Sequence  1 item(s) ---- 
               (0008,0100) Code Value                          SH: 'G-C171'
               (0008,0102) Coding Scheme Designator            SH: 'SRT'
               (0008,0104) Code Meaning                        LO: 'Laterality'
               ---------
            (0040,A168)  Concept Code Sequence  1 item(s) ---- 
               (0008,0100) Code Value                          SH: 'G-A101'
               (0008,0102) Coding Scheme Designator            SH: 'SRT'
               (0008,0104) Code Meaning                        LO: 'Left'
               ---------
            ---------
         ---------
         (0040,A010) Relationship Type                   CS: 'HAS CONCEPT MOD'
         (0040,A040) Value Type                          CS: 'CODE'
         (0040,A043)  Concept Name Code Sequence  1 item(s) ---- 
            (0008,0100) Code Value                          SH: '121401'
            (0008,0102) Coding Scheme Designator            SH: 'DCM'
            (0008,0104) Code Meaning                        LO: 'Derivation'
            ---------
         (0040,A168)  Concept Code Sequence  1 item(s) ---- 
            (0008,0100) Code Value                          SH: 'R-00317'
            (0008,0102) Coding Scheme Designator            SH: 'SRT'
            (0008,0104) Code Meaning                        LO: 'Mean'
            ---------
         ---------
      ---------
      (0040,A010) Relationship Type                   CS: 'CONTAINS'
      (0040,A040) Value Type                          CS: 'NUM'
      (0040,A043)  Concept Name Code Sequence  1 item(s) ---- 
         (0008,0100) Code Value                          SH: '12008-9'
         (0008,0102) Coding Scheme Designator            SH: 'LN'
         (0008,0104) Code Meaning                        LO: 'Pulsatility Index'
         ---------
      (0040,A300)  Measured Value Sequence  1 item(s) ---- 
         (0040,08EA)  Measurement Units Code Sequence  1 item(s) ---- 
            (0008,0100) Code Value                          SH: '1'
            (0008,0102) Coding Scheme Designator            SH: 'UCUM'
            (0008,0103) Coding Scheme Version               SH: '1.4'
            (0008,0104) Code Meaning                        LO: 'no unit'
            ---------
         (0040,A30A) Numeric Value                       DS: '0.84'
         ---------
      (0040,A730)  Content Sequence  1 item(s) ---- 
         (0040,A010) Relationship Type                   CS: 'HAS CONCEPT MOD'
         (0040,A040) Value Type                          CS: 'CODE'
         (0040,A043)  Concept Name Code Sequence  1 item(s) ---- 
            (0008,0100) Code Value                          SH: 'G-C0E3'
            (0008,0102) Coding Scheme Designator            SH: 'SRT'
            (0008,0104) Code Meaning                        LO: 'Finding Site'
            ---------
         (0040,A168)  Concept Code Sequence  1 item(s) ---- 
            (0008,0100) Code Value                          SH: 'T-46820'
            (0008,0102) Coding Scheme Designator            SH: 'SRT'
            (0008,0104) Code Meaning                        LO: 'Uterine Artery'
            ---------
         (0040,A730)  Content Sequence  1 item(s) ---- 
            (0040,A010) Relationship Type                   CS: 'HAS CONCEPT MOD'
            (0040,A040) Value Type                          CS: 'CODE'
            (0040,A043)  Concept Name Code Sequence  1 item(s) ---- 
               (0008,0100) Code Value                          SH: 'G-C171'
               (0008,0102) Coding Scheme Designator            SH: 'SRT'
               (0008,0104) Code Meaning                        LO: 'Laterality'
               ---------
            (0040,A168)  Concept Code Sequence  1 item(s) ---- 
               (0008,0100) Code Value                          SH: 'G-A101'
               (0008,0102) Coding Scheme Designator            SH: 'SRT'
               (0008,0104) Code Meaning                        LO: 'Left'
               ---------
            ---------
         ---------
      ---------
      (0040,A010) Relationship Type                   CS: 'CONTAINS'
      (0040,A040) Value Type                          CS: 'NUM'
      (0040,A043)  Concept Name Code Sequence  1 item(s) ---- 
         (0008,0100) Code Value                          SH: '12008-9'
         (0008,0102) Coding Scheme Designator            SH: 'LN'
         (0008,0104) Code Meaning                        LO: 'Pulsatility Index'
         ---------
      (0040,A300)  Measured Value Sequence  1 item(s) ---- 
         (0040,08EA)  Measurement Units Code Sequence  1 item(s) ---- 
            (0008,0100) Code Value                          SH: '1'
            (0008,0102) Coding Scheme Designator            SH: 'UCUM'
            (0008,0103) Coding Scheme Version               SH: '1.4'
            (0008,0104) Code Meaning                        LO: 'no unit'
            ---------
         (0040,A30A) Numeric Value                       DS: '0.84'
         ---------
      (0040,A730)  Content Sequence  2 item(s) ---- 
         (0040,A010) Relationship Type                   CS: 'HAS CONCEPT MOD'
         (0040,A040) Value Type                          CS: 'CODE'
         (0040,A043)  Concept Name Code Sequence  1 item(s) ---- 
            (0008,0100) Code Value                          SH: 'G-C0E3'
            (0008,0102) Coding Scheme Designator            SH: 'SRT'
            (0008,0104) Code Meaning                        LO: 'Finding Site'
            ---------
         (0040,A168)  Concept Code Sequence  1 item(s) ---- 
            (0008,0100) Code Value                          SH: 'T-46820'
            (0008,0102) Coding Scheme Designator            SH: 'SRT'
            (0008,0104) Code Meaning                        LO: 'Uterine Artery'
            ---------
         (0040,A730)  Content Sequence  1 item(s) ---- 
            (0040,A010) Relationship Type                   CS: 'HAS CONCEPT MOD'
            (0040,A040) Value Type                          CS: 'CODE'
            (0040,A043)  Concept Name Code Sequence  1 item(s) ---- 
               (0008,0100) Code Value                          SH: 'G-C171'
               (0008,0102) Coding Scheme Designator            SH: 'SRT'
               (0008,0104) Code Meaning                        LO: 'Laterality'
               ---------
            (0040,A168)  Concept Code Sequence  1 item(s) ---- 
               (0008,0100) Code Value                          SH: 'G-A101'
               (0008,0102) Coding Scheme Designator            SH: 'SRT'
               (0008,0104) Code Meaning                        LO: 'Left'
               ---------
            ---------
         ---------
         (0040,A010) Relationship Type                   CS: 'HAS CONCEPT MOD'
         (0040,A040) Value Type                          CS: 'CODE'
         (0040,A043)  Concept Name Code Sequence  1 item(s) ---- 
            (0008,0100) Code Value                          SH: '121401'
            (0008,0102) Coding Scheme Designator            SH: 'DCM'
            (0008,0104) Code Meaning                        LO: 'Derivation'
            ---------
         (0040,A168)  Concept Code Sequence  1 item(s) ---- 
            (0008,0100) Code Value                          SH: 'R-00317'
            (0008,0102) Coding Scheme Designator            SH: 'SRT'
            (0008,0104) Code Meaning                        LO: 'Mean'
            ---------
         ---------
      ---------
      (0040,A010) Relationship Type                   CS: 'CONTAINS'
      (0040,A040) Value Type                          CS: 'NUM'
      (0040,A043)  Concept Name Code Sequence  1 item(s) ---- 
         (0008,0100) Code Value                          SH: '12144-2'
         (0008,0102) Coding Scheme Designator            SH: 'LN'
         (0008,0104) Code Meaning                        LO: 'Systolic to Diastolic Velocity Ratio'
         ---------
      (0040,A300)  Measured Value Sequence  1 item(s) ---- 
         (0040,08EA)  Measurement Units Code Sequence  1 item(s) ---- 
            (0008,0100) Code Value                          SH: '1'
            (0008,0102) Coding Scheme Designator            SH: 'UCUM'
            (0008,0103) Coding Scheme Version               SH: '1.4'
            (0008,0104) Code Meaning                        LO: 'no unit'
            ---------
         (0040,A30A) Numeric Value                       DS: '2.03'
         ---------
      (0040,A730)  Content Sequence  1 item(s) ---- 
         (0040,A010) Relationship Type                   CS: 'HAS CONCEPT MOD'
         (0040,A040) Value Type                          CS: 'CODE'
         (0040,A043)  Concept Name Code Sequence  1 item(s) ---- 
            (0008,0100) Code Value                          SH: 'G-C0E3'
            (0008,0102) Coding Scheme Designator            SH: 'SRT'
            (0008,0104) Code Meaning                        LO: 'Finding Site'
            ---------
         (0040,A168)  Concept Code Sequence  1 item(s) ---- 
            (0008,0100) Code Value                          SH: 'T-46820'
            (0008,0102) Coding Scheme Designator            SH: 'SRT'
            (0008,0104) Code Meaning                        LO: 'Uterine Artery'
            ---------
         (0040,A730)  Content Sequence  1 item(s) ---- 
            (0040,A010) Relationship Type                   CS: 'HAS CONCEPT MOD'
            (0040,A040) Value Type                          CS: 'CODE'
            (0040,A043)  Concept Name Code Sequence  1 item(s) ---- 
               (0008,0100) Code Value                          SH: 'G-C171'
               (0008,0102) Coding Scheme Designator            SH: 'SRT'
               (0008,0104) Code Meaning                        LO: 'Laterality'
               ---------
            (0040,A168)  Concept Code Sequence  1 item(s) ---- 
               (0008,0100) Code Value                          SH: 'G-A101'
               (0008,0102) Coding Scheme Designator            SH: 'SRT'
               (0008,0104) Code Meaning                        LO: 'Left'
               ---------
            ---------
         ---------
      ---------
      (0040,A010) Relationship Type                   CS: 'CONTAINS'
      (0040,A040) Value Type                          CS: 'NUM'
      (0040,A043)  Concept Name Code Sequence  1 item(s) ---- 
         (0008,0100) Code Value                          SH: '12144-2'
         (0008,0102) Coding Scheme Designator            SH: 'LN'
         (0008,0104) Code Meaning                        LO: 'Systolic to Diastolic Velocity Ratio'
         ---------
      (0040,A300)  Measured Value Sequence  1 item(s) ---- 
         (0040,08EA)  Measurement Units Code Sequence  1 item(s) ---- 
            (0008,0100) Code Value                          SH: '1'
            (0008,0102) Coding Scheme Designator            SH: 'UCUM'
            (0008,0103) Coding Scheme Version               SH: '1.4'
            (0008,0104) Code Meaning                        LO: 'no unit'
            ---------
         (0040,A30A) Numeric Value                       DS: '2.03'
         ---------
      (0040,A730)  Content Sequence  2 item(s) ---- 
         (0040,A010) Relationship Type                   CS: 'HAS CONCEPT MOD'
         (0040,A040) Value Type                          CS: 'CODE'
         (0040,A043)  Concept Name Code Sequence  1 item(s) ---- 
            (0008,0100) Code Value                          SH: 'G-C0E3'
            (0008,0102) Coding Scheme Designator            SH: 'SRT'
            (0008,0104) Code Meaning                        LO: 'Finding Site'
            ---------
         (0040,A168)  Concept Code Sequence  1 item(s) ---- 
            (0008,0100) Code Value                          SH: 'T-46820'
            (0008,0102) Coding Scheme Designator            SH: 'SRT'
            (0008,0104) Code Meaning                        LO: 'Uterine Artery'
            ---------
         (0040,A730)  Content Sequence  1 item(s) ---- 
            (0040,A010) Relationship Type                   CS: 'HAS CONCEPT MOD'
            (0040,A040) Value Type                          CS: 'CODE'
            (0040,A043)  Concept Name Code Sequence  1 item(s) ---- 
               (0008,0100) Code Value                          SH: 'G-C171'
               (0008,0102) Coding Scheme Designator            SH: 'SRT'
               (0008,0104) Code Meaning                        LO: 'Laterality'
               ---------
            (0040,A168)  Concept Code Sequence  1 item(s) ---- 
               (0008,0100) Code Value                          SH: 'G-A101'
               (0008,0102) Coding Scheme Designator            SH: 'SRT'
               (0008,0104) Code Meaning                        LO: 'Left'
               ---------
            ---------
         ---------
         (0040,A010) Relationship Type                   CS: 'HAS CONCEPT MOD'
         (0040,A040) Value Type                          CS: 'CODE'
         (0040,A043)  Concept Name Code Sequence  1 item(s) ---- 
            (0008,0100) Code Value                          SH: '121401'
            (0008,0102) Coding Scheme Designator            SH: 'DCM'
            (0008,0104) Code Meaning                        LO: 'Derivation'
            ---------
         (0040,A168)  Concept Code Sequence  1 item(s) ---- 
            (0008,0100) Code Value                          SH: 'R-00317'
            (0008,0102) Coding Scheme Designator            SH: 'SRT'
            (0008,0104) Code Meaning                        LO: 'Mean'
            ---------
         ---------
      ---------
      (0040,A010) Relationship Type                   CS: 'CONTAINS'
      (0040,A040) Value Type                          CS: 'NUM'
      (0040,A043)  Concept Name Code Sequence  1 item(s) ---- 
         (0008,0100) Code Value                          SH: '20354-7'
         (0008,0102) Coding Scheme Designator            SH: 'LN'
         (0008,0104) Code Meaning                        LO: 'Velocity Time Integral'
         ---------
      (0040,A300)  Measured Value Sequence  1 item(s) ---- 
         (0040,08EA)  Measurement Units Code Sequence  1 item(s) ---- 
            (0008,0100) Code Value                          SH: 'mm'
            (0008,0102) Coding Scheme Designator            SH: 'UCUM'
            (0008,0103) Coding Scheme Version               SH: '1.4'
            (0008,0104) Code Meaning                        LO: 'mm'
            ---------
         (0040,A30A) Numeric Value                       DS: '472.97'
         ---------
      (0040,A730)  Content Sequence  1 item(s) ---- 
         (0040,A010) Relationship Type                   CS: 'HAS CONCEPT MOD'
         (0040,A040) Value Type                          CS: 'CODE'
         (0040,A043)  Concept Name Code Sequence  1 item(s) ---- 
            (0008,0100) Code Value                          SH: 'G-C0E3'
            (0008,0102) Coding Scheme Designator            SH: 'SRT'
            (0008,0104) Code Meaning                        LO: 'Finding Site'
            ---------
         (0040,A168)  Concept Code Sequence  1 item(s) ---- 
            (0008,0100) Code Value                          SH: 'T-46820'
            (0008,0102) Coding Scheme Designator            SH: 'SRT'
            (0008,0104) Code Meaning                        LO: 'Uterine Artery'
            ---------
         (0040,A730)  Content Sequence  1 item(s) ---- 
            (0040,A010) Relationship Type                   CS: 'HAS CONCEPT MOD'
            (0040,A040) Value Type                          CS: 'CODE'
            (0040,A043)  Concept Name Code Sequence  1 item(s) ---- 
               (0008,0100) Code Value                          SH: 'G-C171'
               (0008,0102) Coding Scheme Designator            SH: 'SRT'
               (0008,0104) Code Meaning                        LO: 'Laterality'
               ---------
            (0040,A168)  Concept Code Sequence  1 item(s) ---- 
               (0008,0100) Code Value                          SH: 'G-A101'
               (0008,0102) Coding Scheme Designator            SH: 'SRT'
               (0008,0104) Code Meaning                        LO: 'Left'
               ---------
            ---------
         ---------
      ---------
      (0040,A010) Relationship Type                   CS: 'CONTAINS'
      (0040,A040) Value Type                          CS: 'NUM'
      (0040,A043)  Concept Name Code Sequence  1 item(s) ---- 
         (0008,0100) Code Value                          SH: '20354-7'
         (0008,0102) Coding Scheme Designator            SH: 'LN'
         (0008,0104) Code Meaning                        LO: 'Velocity Time Integral'
         ---------
      (0040,A300)  Measured Value Sequence  1 item(s) ---- 
         (0040,08EA)  Measurement Units Code Sequence  1 item(s) ---- 
            (0008,0100) Code Value                          SH: 'mm'
            (0008,0102) Coding Scheme Designator            SH: 'UCUM'
            (0008,0103) Coding Scheme Version               SH: '1.4'
            (0008,0104) Code Meaning                        LO: 'mm'
            ---------
         (0040,A30A) Numeric Value                       DS: '472.97'
         ---------
      (0040,A730)  Content Sequence  2 item(s) ---- 
         (0040,A010) Relationship Type                   CS: 'HAS CONCEPT MOD'
         (0040,A040) Value Type                          CS: 'CODE'
         (0040,A043)  Concept Name Code Sequence  1 item(s) ---- 
            (0008,0100) Code Value                          SH: 'G-C0E3'
            (0008,0102) Coding Scheme Designator            SH: 'SRT'
            (0008,0104) Code Meaning                        LO: 'Finding Site'
            ---------
         (0040,A168)  Concept Code Sequence  1 item(s) ---- 
            (0008,0100) Code Value                          SH: 'T-46820'
            (0008,0102) Coding Scheme Designator            SH: 'SRT'
            (0008,0104) Code Meaning                        LO: 'Uterine Artery'
            ---------
         (0040,A730)  Content Sequence  1 item(s) ---- 
            (0040,A010) Relationship Type                   CS: 'HAS CONCEPT MOD'
            (0040,A040) Value Type                          CS: 'CODE'
            (0040,A043)  Concept Name Code Sequence  1 item(s) ---- 
               (0008,0100) Code Value                          SH: 'G-C171'
               (0008,0102) Coding Scheme Designator            SH: 'SRT'
               (0008,0104) Code Meaning                        LO: 'Laterality'
               ---------
            (0040,A168)  Concept Code Sequence  1 item(s) ---- 
               (0008,0100) Code Value                          SH: 'G-A101'
               (0008,0102) Coding Scheme Designator            SH: 'SRT'
               (0008,0104) Code Meaning                        LO: 'Left'
               ---------
            ---------
         ---------
         (0040,A010) Relationship Type                   CS: 'HAS CONCEPT MOD'
         (0040,A040) Value Type                          CS: 'CODE'
         (0040,A043)  Concept Name Code Sequence  1 item(s) ---- 
            (0008,0100) Code Value                          SH: '121401'
            (0008,0102) Coding Scheme Designator            SH: 'DCM'
            (0008,0104) Code Meaning                        LO: 'Derivation'
            ---------
         (0040,A168)  Concept Code Sequence  1 item(s) ---- 
            (0008,0100) Code Value                          SH: 'R-00317'
            (0008,0102) Coding Scheme Designator            SH: 'SRT'
            (0008,0104) Code Meaning                        LO: 'Mean'
            ---------
         ---------
      ---------
      (0040,A010) Relationship Type                   CS: 'CONTAINS'
      (0040,A040) Value Type                          CS: 'NUM'
      (0040,A043)  Concept Name Code Sequence  1 item(s) ---- 
         (0008,0100) Code Value                          SH: '8867-4'
         (0008,0102) Coding Scheme Designator            SH: 'LN'
         (0008,0104) Code Meaning                        LO: 'Heart rate'
         ---------
      (0040,A300)  Measured Value Sequence  1 item(s) ---- 
         (0040,08EA)  Measurement Units Code Sequence  1 item(s) ---- 
            (0008,0100) Code Value                          SH: 'bpm'
            (0008,0102) Coding Scheme Designator            SH: 'UCUM'
            (0008,0103) Coding Scheme Version               SH: '1.4'
            (0008,0104) Code Meaning                        LO: 'bpm'
            ---------
         (0040,A30A) Numeric Value                       DS: '72'
         ---------
      (0040,A730)  Content Sequence  1 item(s) ---- 
         (0040,A010) Relationship Type                   CS: 'HAS CONCEPT MOD'
         (0040,A040) Value Type                          CS: 'CODE'
         (0040,A043)  Concept Name Code Sequence  1 item(s) ---- 
            (0008,0100) Code Value                          SH: 'G-C0E3'
            (0008,0102) Coding Scheme Designator            SH: 'SRT'
            (0008,0104) Code Meaning                        LO: 'Finding Site'
            ---------
         (0040,A168)  Concept Code Sequence  1 item(s) ---- 
            (0008,0100) Code Value                          SH: 'T-46820'
            (0008,0102) Coding Scheme Designator            SH: 'SRT'
            (0008,0104) Code Meaning                        LO: 'Uterine Artery'
            ---------
         (0040,A730)  Content Sequence  1 item(s) ---- 
            (0040,A010) Relationship Type                   CS: 'HAS CONCEPT MOD'
            (0040,A040) Value Type                          CS: 'CODE'
            (0040,A043)  Concept Name Code Sequence  1 item(s) ---- 
               (0008,0100) Code Value                          SH: 'G-C171'
               (0008,0102) Coding Scheme Designator            SH: 'SRT'
               (0008,0104) Code Meaning                        LO: 'Laterality'
               ---------
            (0040,A168)  Concept Code Sequence  1 item(s) ---- 
               (0008,0100) Code Value                          SH: 'G-A101'
               (0008,0102) Coding Scheme Designator            SH: 'SRT'
               (0008,0104) Code Meaning                        LO: 'Left'
               ---------
            ---------
         ---------
      ---------
      (0040,A010) Relationship Type                   CS: 'CONTAINS'
      (0040,A040) Value Type                          CS: 'NUM'
      (0040,A043)  Concept Name Code Sequence  1 item(s) ---- 
         (0008,0100) Code Value                          SH: '8867-4'
         (0008,0102) Coding Scheme Designator            SH: 'LN'
         (0008,0104) Code Meaning                        LO: 'Heart rate'
         ---------
      (0040,A300)  Measured Value Sequence  1 item(s) ---- 
         (0040,08EA)  Measurement Units Code Sequence  1 item(s) ---- 
            (0008,0100) Code Value                          SH: 'bpm'
            (0008,0102) Coding Scheme Designator            SH: 'UCUM'
            (0008,0103) Coding Scheme Version               SH: '1.4'
            (0008,0104) Code Meaning                        LO: 'bpm'
            ---------
         (0040,A30A) Numeric Value                       DS: '72'
         ---------
      (0040,A730)  Content Sequence  2 item(s) ---- 
         (0040,A010) Relationship Type                   CS: 'HAS CONCEPT MOD'
         (0040,A040) Value Type                          CS: 'CODE'
         (0040,A043)  Concept Name Code Sequence  1 item(s) ---- 
            (0008,0100) Code Value                          SH: 'G-C0E3'
            (0008,0102) Coding Scheme Designator            SH: 'SRT'
            (0008,0104) Code Meaning                        LO: 'Finding Site'
            ---------
         (0040,A168)  Concept Code Sequence  1 item(s) ---- 
            (0008,0100) Code Value                          SH: 'T-46820'
            (0008,0102) Coding Scheme Designator            SH: 'SRT'
            (0008,0104) Code Meaning                        LO: 'Uterine Artery'
            ---------
         (0040,A730)  Content Sequence  1 item(s) ---- 
            (0040,A010) Relationship Type                   CS: 'HAS CONCEPT MOD'
            (0040,A040) Value Type                          CS: 'CODE'
            (0040,A043)  Concept Name Code Sequence  1 item(s) ---- 
               (0008,0100) Code Value                          SH: 'G-C171'
               (0008,0102) Coding Scheme Designator            SH: 'SRT'
               (0008,0104) Code Meaning                        LO: 'Laterality'
               ---------
            (0040,A168)  Concept Code Sequence  1 item(s) ---- 
               (0008,0100) Code Value                          SH: 'G-A101'
               (0008,0102) Coding Scheme Designator            SH: 'SRT'
               (0008,0104) Code Meaning                        LO: 'Left'
               ---------
            ---------
         ---------
         (0040,A010) Relationship Type                   CS: 'HAS CONCEPT MOD'
         (0040,A040) Value Type                          CS: 'CODE'
         (0040,A043)  Concept Name Code Sequence  1 item(s) ---- 
            (0008,0100) Code Value                          SH: '121401'
            (0008,0102) Coding Scheme Designator            SH: 'DCM'
            (0008,0104) Code Meaning                        LO: 'Derivation'
            ---------
         (0040,A168)  Concept Code Sequence  1 item(s) ---- 
            (0008,0100) Code Value                          SH: 'G-A437'
            (0008,0102) Coding Scheme Designator            SH: 'SRT'
            (0008,0104) Code Meaning                        LO: 'Maximum'
            ---------
         ---------
      ---------
   ---------
   (0040,A010) Relationship Type                   CS: 'CONTAINS'
   (0040,A040) Value Type                          CS: 'CONTAINER'
   (0040,A043)  Concept Name Code Sequence  1 item(s) ---- 
      (0008,0100) Code Value                          SH: '99100'
      (0008,0102) Coding Scheme Designator            SH: '99VP'
      (0008,0104) Code Meaning                        LO: 'Doppler Group'
      ---------
   (0040,A050) Continuity Of Content               CS: 'SEPARATE'
   (0040,A730)  Content Sequence  20 item(s) ---- 
      (0040,A010) Relationship Type                   CS: 'CONTAINS'
      (0040,A040) Value Type                          CS: 'NUM'
      (0040,A043)  Concept Name Code Sequence  1 item(s) ---- 
         (0008,0100) Code Value                          SH: '11726-7'
         (0008,0102) Coding Scheme Designator            SH: 'LN'
         (0008,0104) Code Meaning                        LO: 'Peak Systolic Velocity'
         ---------
      (0040,A300)  Measured Value Sequence  1 item(s) ---- 
         (0040,08EA)  Measurement Units Code Sequence  1 item(s) ---- 
            (0008,0100) Code Value                          SH: 'cm/s'
            (0008,0102) Coding Scheme Designator            SH: 'UCUM'
            (0008,0103) Coding Scheme Version               SH: '1.4'
            (0008,0104) Code Meaning                        LO: 'cm/s'
            ---------
         (0040,A30A) Numeric Value                       DS: '65.43'
         ---------
      (0040,A730)  Content Sequence  1 item(s) ---- 
         (0040,A010) Relationship Type                   CS: 'HAS CONCEPT MOD'
         (0040,A040) Value Type                          CS: 'CODE'
         (0040,A043)  Concept Name Code Sequence  1 item(s) ---- 
            (0008,0100) Code Value                          SH: 'G-C0E3'
            (0008,0102) Coding Scheme Designator            SH: 'SRT'
            (0008,0104) Code Meaning                        LO: 'Finding Site'
            ---------
         (0040,A168)  Concept Code Sequence  1 item(s) ---- 
            (0008,0100) Code Value                          SH: 'T-46820'
            (0008,0102) Coding Scheme Designator            SH: 'SRT'
            (0008,0104) Code Meaning                        LO: 'Uterine Artery'
            ---------
         (0040,A730)  Content Sequence  1 item(s) ---- 
            (0040,A010) Relationship Type                   CS: 'HAS CONCEPT MOD'
            (0040,A040) Value Type                          CS: 'CODE'
            (0040,A043)  Concept Name Code Sequence  1 item(s) ---- 
               (0008,0100) Code Value                          SH: 'G-C171'
               (0008,0102) Coding Scheme Designator            SH: 'SRT'
               (0008,0104) Code Meaning                        LO: 'Laterality'
               ---------
            (0040,A168)  Concept Code Sequence  1 item(s) ---- 
               (0008,0100) Code Value                          SH: 'G-A100'
               (0008,0102) Coding Scheme Designator            SH: 'SRT'
               (0008,0104) Code Meaning                        LO: 'Right'
               ---------
            ---------
         ---------
      ---------
      (0040,A010) Relationship Type                   CS: 'CONTAINS'
      (0040,A040) Value Type                          CS: 'NUM'
      (0040,A043)  Concept Name Code Sequence  1 item(s) ---- 
         (0008,0100) Code Value                          SH: '11726-7'
         (0008,0102) Coding Scheme Designator            SH: 'LN'
         (0008,0104) Code Meaning                        LO: 'Peak Systolic Velocity'
         ---------
      (0040,A300)  Measured Value Sequence  1 item(s) ---- 
         (0040,08EA)  Measurement Units Code Sequence  1 item(s) ---- 
            (0008,0100) Code Value                          SH: 'cm/s'
            (0008,0102) Coding Scheme Designator            SH: 'UCUM'
            (0008,0103) Coding Scheme Version               SH: '1.4'
            (0008,0104) Code Meaning                        LO: 'cm/s'
            ---------
         (0040,A30A) Numeric Value                       DS: '65.43'
         ---------
      (0040,A730)  Content Sequence  2 item(s) ---- 
         (0040,A010) Relationship Type                   CS: 'HAS CONCEPT MOD'
         (0040,A040) Value Type                          CS: 'CODE'
         (0040,A043)  Concept Name Code Sequence  1 item(s) ---- 
            (0008,0100) Code Value                          SH: 'G-C0E3'
            (0008,0102) Coding Scheme Designator            SH: 'SRT'
            (0008,0104) Code Meaning                        LO: 'Finding Site'
            ---------
         (0040,A168)  Concept Code Sequence  1 item(s) ---- 
            (0008,0100) Code Value                          SH: 'T-46820'
            (0008,0102) Coding Scheme Designator            SH: 'SRT'
            (0008,0104) Code Meaning                        LO: 'Uterine Artery'
            ---------
         (0040,A730)  Content Sequence  1 item(s) ---- 
            (0040,A010) Relationship Type                   CS: 'HAS CONCEPT MOD'
            (0040,A040) Value Type                          CS: 'CODE'
            (0040,A043)  Concept Name Code Sequence  1 item(s) ---- 
               (0008,0100) Code Value                          SH: 'G-C171'
               (0008,0102) Coding Scheme Designator            SH: 'SRT'
               (0008,0104) Code Meaning                        LO: 'Laterality'
               ---------
            (0040,A168)  Concept Code Sequence  1 item(s) ---- 
               (0008,0100) Code Value                          SH: 'G-A100'
               (0008,0102) Coding Scheme Designator            SH: 'SRT'
               (0008,0104) Code Meaning                        LO: 'Right'
               ---------
            ---------
         ---------
         (0040,A010) Relationship Type                   CS: 'HAS CONCEPT MOD'
         (0040,A040) Value Type                          CS: 'CODE'
         (0040,A043)  Concept Name Code Sequence  1 item(s) ---- 
            (0008,0100) Code Value                          SH: '121401'
            (0008,0102) Coding Scheme Designator            SH: 'DCM'
            (0008,0104) Code Meaning                        LO: 'Derivation'
            ---------
         (0040,A168)  Concept Code Sequence  1 item(s) ---- 
            (0008,0100) Code Value                          SH: 'G-A437'
            (0008,0102) Coding Scheme Designator            SH: 'SRT'
            (0008,0104) Code Meaning                        LO: 'Maximum'
            ---------
         ---------
      ---------
      (0040,A010) Relationship Type                   CS: 'CONTAINS'
      (0040,A040) Value Type                          CS: 'NUM'
      (0040,A043)  Concept Name Code Sequence  1 item(s) ---- 
         (0008,0100) Code Value                          SH: '11653-3'
         (0008,0102) Coding Scheme Designator            SH: 'LN'
         (0008,0104) Code Meaning                        LO: 'End Diastolic Velocity'
         ---------
      (0040,A300)  Measured Value Sequence  1 item(s) ---- 
         (0040,08EA)  Measurement Units Code Sequence  1 item(s) ---- 
            (0008,0100) Code Value                          SH: 'cm/s'
            (0008,0102) Coding Scheme Designator            SH: 'UCUM'
            (0008,0103) Coding Scheme Version               SH: '1.4'
            (0008,0104) Code Meaning                        LO: 'cm/s'
            ---------
         (0040,A30A) Numeric Value                       DS: '24.26'
         ---------
      (0040,A730)  Content Sequence  1 item(s) ---- 
         (0040,A010) Relationship Type                   CS: 'HAS CONCEPT MOD'
         (0040,A040) Value Type                          CS: 'CODE'
         (0040,A043)  Concept Name Code Sequence  1 item(s) ---- 
            (0008,0100) Code Value                          SH: 'G-C0E3'
            (0008,0102) Coding Scheme Designator            SH: 'SRT'
            (0008,0104) Code Meaning                        LO: 'Finding Site'
            ---------
         (0040,A168)  Concept Code Sequence  1 item(s) ---- 
            (0008,0100) Code Value                          SH: 'T-46820'
            (0008,0102) Coding Scheme Designator            SH: 'SRT'
            (0008,0104) Code Meaning                        LO: 'Uterine Artery'
            ---------
         (0040,A730)  Content Sequence  1 item(s) ---- 
            (0040,A010) Relationship Type                   CS: 'HAS CONCEPT MOD'
            (0040,A040) Value Type                          CS: 'CODE'
            (0040,A043)  Concept Name Code Sequence  1 item(s) ---- 
               (0008,0100) Code Value                          SH: 'G-C171'
               (0008,0102) Coding Scheme Designator            SH: 'SRT'
               (0008,0104) Code Meaning                        LO: 'Laterality'
               ---------
            (0040,A168)  Concept Code Sequence  1 item(s) ---- 
               (0008,0100) Code Value                          SH: 'G-A100'
               (0008,0102) Coding Scheme Designator            SH: 'SRT'
               (0008,0104) Code Meaning                        LO: 'Right'
               ---------
            ---------
         ---------
      ---------
      (0040,A010) Relationship Type                   CS: 'CONTAINS'
      (0040,A040) Value Type                          CS: 'NUM'
      (0040,A043)  Concept Name Code Sequence  1 item(s) ---- 
         (0008,0100) Code Value                          SH: '11653-3'
         (0008,0102) Coding Scheme Designator            SH: 'LN'
         (0008,0104) Code Meaning                        LO: 'End Diastolic Velocity'
         ---------
      (0040,A300)  Measured Value Sequence  1 item(s) ---- 
         (0040,08EA)  Measurement Units Code Sequence  1 item(s) ---- 
            (0008,0100) Code Value                          SH: 'cm/s'
            (0008,0102) Coding Scheme Designator            SH: 'UCUM'
            (0008,0103) Coding Scheme Version               SH: '1.4'
            (0008,0104) Code Meaning                        LO: 'cm/s'
            ---------
         (0040,A30A) Numeric Value                       DS: '24.26'
         ---------
      (0040,A730)  Content Sequence  2 item(s) ---- 
         (0040,A010) Relationship Type                   CS: 'HAS CONCEPT MOD'
         (0040,A040) Value Type                          CS: 'CODE'
         (0040,A043)  Concept Name Code Sequence  1 item(s) ---- 
            (0008,0100) Code Value                          SH: 'G-C0E3'
            (0008,0102) Coding Scheme Designator            SH: 'SRT'
            (0008,0104) Code Meaning                        LO: 'Finding Site'
            ---------
         (0040,A168)  Concept Code Sequence  1 item(s) ---- 
            (0008,0100) Code Value                          SH: 'T-46820'
            (0008,0102) Coding Scheme Designator            SH: 'SRT'
            (0008,0104) Code Meaning                        LO: 'Uterine Artery'
            ---------
         (0040,A730)  Content Sequence  1 item(s) ---- 
            (0040,A010) Relationship Type                   CS: 'HAS CONCEPT MOD'
            (0040,A040) Value Type                          CS: 'CODE'
            (0040,A043)  Concept Name Code Sequence  1 item(s) ---- 
               (0008,0100) Code Value                          SH: 'G-C171'
               (0008,0102) Coding Scheme Designator            SH: 'SRT'
               (0008,0104) Code Meaning                        LO: 'Laterality'
               ---------
            (0040,A168)  Concept Code Sequence  1 item(s) ---- 
               (0008,0100) Code Value                          SH: 'G-A100'
               (0008,0102) Coding Scheme Designator            SH: 'SRT'
               (0008,0104) Code Meaning                        LO: 'Right'
               ---------
            ---------
         ---------
         (0040,A010) Relationship Type                   CS: 'HAS CONCEPT MOD'
         (0040,A040) Value Type                          CS: 'CODE'
         (0040,A043)  Concept Name Code Sequence  1 item(s) ---- 
            (0008,0100) Code Value                          SH: '121401'
            (0008,0102) Coding Scheme Designator            SH: 'DCM'
            (0008,0104) Code Meaning                        LO: 'Derivation'
            ---------
         (0040,A168)  Concept Code Sequence  1 item(s) ---- 
            (0008,0100) Code Value                          SH: 'G-A437'
            (0008,0102) Coding Scheme Designator            SH: 'SRT'
            (0008,0104) Code Meaning                        LO: 'Maximum'
            ---------
         ---------
      ---------
      (0040,A010) Relationship Type                   CS: 'CONTAINS'
      (0040,A040) Value Type                          CS: 'NUM'
      (0040,A043)  Concept Name Code Sequence  1 item(s) ---- 
         (0008,0100) Code Value                          SH: '11692-1'
         (0008,0102) Coding Scheme Designator            SH: 'LN'
         (0008,0104) Code Meaning                        LO: 'Time averaged peak velocity'
         ---------
      (0040,A300)  Measured Value Sequence  1 item(s) ---- 
         (0040,08EA)  Measurement Units Code Sequence  1 item(s) ---- 
            (0008,0100) Code Value                          SH: 'cm/s'
            (0008,0102) Coding Scheme Designator            SH: 'UCUM'
            (0008,0103) Coding Scheme Version               SH: '1.4'
            (0008,0104) Code Meaning                        LO: 'cm/s'
            ---------
         (0040,A30A) Numeric Value                       DS: '36.04'
         ---------
      (0040,A730)  Content Sequence  1 item(s) ---- 
         (0040,A010) Relationship Type                   CS: 'HAS CONCEPT MOD'
         (0040,A040) Value Type                          CS: 'CODE'
         (0040,A043)  Concept Name Code Sequence  1 item(s) ---- 
            (0008,0100) Code Value                          SH: 'G-C0E3'
            (0008,0102) Coding Scheme Designator            SH: 'SRT'
            (0008,0104) Code Meaning                        LO: 'Finding Site'
            ---------
         (0040,A168)  Concept Code Sequence  1 item(s) ---- 
            (0008,0100) Code Value                          SH: 'T-46820'
            (0008,0102) Coding Scheme Designator            SH: 'SRT'
            (0008,0104) Code Meaning                        LO: 'Uterine Artery'
            ---------
         (0040,A730)  Content Sequence  1 item(s) ---- 
            (0040,A010) Relationship Type                   CS: 'HAS CONCEPT MOD'
            (0040,A040) Value Type                          CS: 'CODE'
            (0040,A043)  Concept Name Code Sequence  1 item(s) ---- 
               (0008,0100) Code Value                          SH: 'G-C171'
               (0008,0102) Coding Scheme Designator            SH: 'SRT'
               (0008,0104) Code Meaning                        LO: 'Laterality'
               ---------
            (0040,A168)  Concept Code Sequence  1 item(s) ---- 
               (0008,0100) Code Value                          SH: 'G-A100'
               (0008,0102) Coding Scheme Designator            SH: 'SRT'
               (0008,0104) Code Meaning                        LO: 'Right'
               ---------
            ---------
         ---------
      ---------
      (0040,A010) Relationship Type                   CS: 'CONTAINS'
      (0040,A040) Value Type                          CS: 'NUM'
      (0040,A043)  Concept Name Code Sequence  1 item(s) ---- 
         (0008,0100) Code Value                          SH: '11692-1'
         (0008,0102) Coding Scheme Designator            SH: 'LN'
         (0008,0104) Code Meaning                        LO: 'Time averaged peak velocity'
         ---------
      (0040,A300)  Measured Value Sequence  1 item(s) ---- 
         (0040,08EA)  Measurement Units Code Sequence  1 item(s) ---- 
            (0008,0100) Code Value                          SH: 'cm/s'
            (0008,0102) Coding Scheme Designator            SH: 'UCUM'
            (0008,0103) Coding Scheme Version               SH: '1.4'
            (0008,0104) Code Meaning                        LO: 'cm/s'
            ---------
         (0040,A30A) Numeric Value                       DS: '36.04'
         ---------
      (0040,A730)  Content Sequence  2 item(s) ---- 
         (0040,A010) Relationship Type                   CS: 'HAS CONCEPT MOD'
         (0040,A040) Value Type                          CS: 'CODE'
         (0040,A043)  Concept Name Code Sequence  1 item(s) ---- 
            (0008,0100) Code Value                          SH: 'G-C0E3'
            (0008,0102) Coding Scheme Designator            SH: 'SRT'
            (0008,0104) Code Meaning                        LO: 'Finding Site'
            ---------
         (0040,A168)  Concept Code Sequence  1 item(s) ---- 
            (0008,0100) Code Value                          SH: 'T-46820'
            (0008,0102) Coding Scheme Designator            SH: 'SRT'
            (0008,0104) Code Meaning                        LO: 'Uterine Artery'
            ---------
         (0040,A730)  Content Sequence  1 item(s) ---- 
            (0040,A010) Relationship Type                   CS: 'HAS CONCEPT MOD'
            (0040,A040) Value Type                          CS: 'CODE'
            (0040,A043)  Concept Name Code Sequence  1 item(s) ---- 
               (0008,0100) Code Value                          SH: 'G-C171'
               (0008,0102) Coding Scheme Designator            SH: 'SRT'
               (0008,0104) Code Meaning                        LO: 'Laterality'
               ---------
            (0040,A168)  Concept Code Sequence  1 item(s) ---- 
               (0008,0100) Code Value                          SH: 'G-A100'
               (0008,0102) Coding Scheme Designator            SH: 'SRT'
               (0008,0104) Code Meaning                        LO: 'Right'
               ---------
            ---------
         ---------
         (0040,A010) Relationship Type                   CS: 'HAS CONCEPT MOD'
         (0040,A040) Value Type                          CS: 'CODE'
         (0040,A043)  Concept Name Code Sequence  1 item(s) ---- 
            (0008,0100) Code Value                          SH: '121401'
            (0008,0102) Coding Scheme Designator            SH: 'DCM'
            (0008,0104) Code Meaning                        LO: 'Derivation'
            ---------
         (0040,A168)  Concept Code Sequence  1 item(s) ---- 
            (0008,0100) Code Value                          SH: 'G-A437'
            (0008,0102) Coding Scheme Designator            SH: 'SRT'
            (0008,0104) Code Meaning                        LO: 'Maximum'
            ---------
         ---------
      ---------
      (0040,A010) Relationship Type                   CS: 'CONTAINS'
      (0040,A040) Value Type                          CS: 'NUM'
      (0040,A043)  Concept Name Code Sequence  1 item(s) ---- 
         (0008,0100) Code Value                          SH: '20352-1'
         (0008,0102) Coding Scheme Designator            SH: 'LN'
         (0008,0104) Code Meaning                        LO: 'Time averaged mean velocity'
         ---------
      (0040,A300)  Measured Value Sequence  1 item(s) ---- 
         (0040,08EA)  Measurement Units Code Sequence  1 item(s) ---- 
            (0008,0100) Code Value                          SH: 'cm/s'
            (0008,0102) Coding Scheme Designator            SH: 'UCUM'
            (0008,0103) Coding Scheme Version               SH: '1.4'
            (0008,0104) Code Meaning                        LO: 'cm/s'
            ---------
         (0040,A30A) Numeric Value                       DS: '16.73'
         ---------
      (0040,A730)  Content Sequence  1 item(s) ---- 
         (0040,A010) Relationship Type                   CS: 'HAS CONCEPT MOD'
         (0040,A040) Value Type                          CS: 'CODE'
         (0040,A043)  Concept Name Code Sequence  1 item(s) ---- 
            (0008,0100) Code Value                          SH: 'G-C0E3'
            (0008,0102) Coding Scheme Designator            SH: 'SRT'
            (0008,0104) Code Meaning                        LO: 'Finding Site'
            ---------
         (0040,A168)  Concept Code Sequence  1 item(s) ---- 
            (0008,0100) Code Value                          SH: 'T-46820'
            (0008,0102) Coding Scheme Designator            SH: 'SRT'
            (0008,0104) Code Meaning                        LO: 'Uterine Artery'
            ---------
         (0040,A730)  Content Sequence  1 item(s) ---- 
            (0040,A010) Relationship Type                   CS: 'HAS CONCEPT MOD'
            (0040,A040) Value Type                          CS: 'CODE'
            (0040,A043)  Concept Name Code Sequence  1 item(s) ---- 
               (0008,0100) Code Value                          SH: 'G-C171'
               (0008,0102) Coding Scheme Designator            SH: 'SRT'
               (0008,0104) Code Meaning                        LO: 'Laterality'
               ---------
            (0040,A168)  Concept Code Sequence  1 item(s) ---- 
               (0008,0100) Code Value                          SH: 'G-A100'
               (0008,0102) Coding Scheme Designator            SH: 'SRT'
               (0008,0104) Code Meaning                        LO: 'Right'
               ---------
            ---------
         ---------
      ---------
      (0040,A010) Relationship Type                   CS: 'CONTAINS'
      (0040,A040) Value Type                          CS: 'NUM'
      (0040,A043)  Concept Name Code Sequence  1 item(s) ---- 
         (0008,0100) Code Value                          SH: '20352-1'
         (0008,0102) Coding Scheme Designator            SH: 'LN'
         (0008,0104) Code Meaning                        LO: 'Time averaged mean velocity'
         ---------
      (0040,A300)  Measured Value Sequence  1 item(s) ---- 
         (0040,08EA)  Measurement Units Code Sequence  1 item(s) ---- 
            (0008,0100) Code Value                          SH: 'cm/s'
            (0008,0102) Coding Scheme Designator            SH: 'UCUM'
            (0008,0103) Coding Scheme Version               SH: '1.4'
            (0008,0104) Code Meaning                        LO: 'cm/s'
            ---------
         (0040,A30A) Numeric Value                       DS: '16.73'
         ---------
      (0040,A730)  Content Sequence  2 item(s) ---- 
         (0040,A010) Relationship Type                   CS: 'HAS CONCEPT MOD'
         (0040,A040) Value Type                          CS: 'CODE'
         (0040,A043)  Concept Name Code Sequence  1 item(s) ---- 
            (0008,0100) Code Value                          SH: 'G-C0E3'
            (0008,0102) Coding Scheme Designator            SH: 'SRT'
            (0008,0104) Code Meaning                        LO: 'Finding Site'
            ---------
         (0040,A168)  Concept Code Sequence  1 item(s) ---- 
            (0008,0100) Code Value                          SH: 'T-46820'
            (0008,0102) Coding Scheme Designator            SH: 'SRT'
            (0008,0104) Code Meaning                        LO: 'Uterine Artery'
            ---------
         (0040,A730)  Content Sequence  1 item(s) ---- 
            (0040,A010) Relationship Type                   CS: 'HAS CONCEPT MOD'
            (0040,A040) Value Type                          CS: 'CODE'
            (0040,A043)  Concept Name Code Sequence  1 item(s) ---- 
               (0008,0100) Code Value                          SH: 'G-C171'
               (0008,0102) Coding Scheme Designator            SH: 'SRT'
               (0008,0104) Code Meaning                        LO: 'Laterality'
               ---------
            (0040,A168)  Concept Code Sequence  1 item(s) ---- 
               (0008,0100) Code Value                          SH: 'G-A100'
               (0008,0102) Coding Scheme Designator            SH: 'SRT'
               (0008,0104) Code Meaning                        LO: 'Right'
               ---------
            ---------
         ---------
         (0040,A010) Relationship Type                   CS: 'HAS CONCEPT MOD'
         (0040,A040) Value Type                          CS: 'CODE'
         (0040,A043)  Concept Name Code Sequence  1 item(s) ---- 
            (0008,0100) Code Value                          SH: '121401'
            (0008,0102) Coding Scheme Designator            SH: 'DCM'
            (0008,0104) Code Meaning                        LO: 'Derivation'
            ---------
         (0040,A168)  Concept Code Sequence  1 item(s) ---- 
            (0008,0100) Code Value                          SH: 'G-A437'
            (0008,0102) Coding Scheme Designator            SH: 'SRT'
            (0008,0104) Code Meaning                        LO: 'Maximum'
            ---------
         ---------
      ---------
      (0040,A010) Relationship Type                   CS: 'CONTAINS'
      (0040,A040) Value Type                          CS: 'NUM'
      (0040,A043)  Concept Name Code Sequence  1 item(s) ---- 
         (0008,0100) Code Value                          SH: '11665-7'
         (0008,0102) Coding Scheme Designator            SH: 'LN'
         (0008,0104) Code Meaning                        LO: 'Minimum Diastolic Velocity'
         ---------
      (0040,A300)  Measured Value Sequence  1 item(s) ---- 
         (0040,08EA)  Measurement Units Code Sequence  1 item(s) ---- 
            (0008,0100) Code Value                          SH: 'cm/s'
            (0008,0102) Coding Scheme Designator            SH: 'UCUM'
            (0008,0103) Coding Scheme Version               SH: '1.4'
            (0008,0104) Code Meaning                        LO: 'cm/s'
            ---------
         (0040,A30A) Numeric Value                       DS: '22.12'
         ---------
      (0040,A730)  Content Sequence  1 item(s) ---- 
         (0040,A010) Relationship Type                   CS: 'HAS CONCEPT MOD'
         (0040,A040) Value Type                          CS: 'CODE'
         (0040,A043)  Concept Name Code Sequence  1 item(s) ---- 
            (0008,0100) Code Value                          SH: 'G-C0E3'
            (0008,0102) Coding Scheme Designator            SH: 'SRT'
            (0008,0104) Code Meaning                        LO: 'Finding Site'
            ---------
         (0040,A168)  Concept Code Sequence  1 item(s) ---- 
            (0008,0100) Code Value                          SH: 'T-46820'
            (0008,0102) Coding Scheme Designator            SH: 'SRT'
            (0008,0104) Code Meaning                        LO: 'Uterine Artery'
            ---------
         (0040,A730)  Content Sequence  1 item(s) ---- 
            (0040,A010) Relationship Type                   CS: 'HAS CONCEPT MOD'
            (0040,A040) Value Type                          CS: 'CODE'
            (0040,A043)  Concept Name Code Sequence  1 item(s) ---- 
               (0008,0100) Code Value                          SH: 'G-C171'
               (0008,0102) Coding Scheme Designator            SH: 'SRT'
               (0008,0104) Code Meaning                        LO: 'Laterality'
               ---------
            (0040,A168)  Concept Code Sequence  1 item(s) ---- 
               (0008,0100) Code Value                          SH: 'G-A100'
               (0008,0102) Coding Scheme Designator            SH: 'SRT'
               (0008,0104) Code Meaning                        LO: 'Right'
               ---------
            ---------
         ---------
      ---------
      (0040,A010) Relationship Type                   CS: 'CONTAINS'
      (0040,A040) Value Type                          CS: 'NUM'
      (0040,A043)  Concept Name Code Sequence  1 item(s) ---- 
         (0008,0100) Code Value                          SH: '11665-7'
         (0008,0102) Coding Scheme Designator            SH: 'LN'
         (0008,0104) Code Meaning                        LO: 'Minimum Diastolic Velocity'
         ---------
      (0040,A300)  Measured Value Sequence  1 item(s) ---- 
         (0040,08EA)  Measurement Units Code Sequence  1 item(s) ---- 
            (0008,0100) Code Value                          SH: 'cm/s'
            (0008,0102) Coding Scheme Designator            SH: 'UCUM'
            (0008,0103) Coding Scheme Version               SH: '1.4'
            (0008,0104) Code Meaning                        LO: 'cm/s'
            ---------
         (0040,A30A) Numeric Value                       DS: '22.12'
         ---------
      (0040,A730)  Content Sequence  2 item(s) ---- 
         (0040,A010) Relationship Type                   CS: 'HAS CONCEPT MOD'
         (0040,A040) Value Type                          CS: 'CODE'
         (0040,A043)  Concept Name Code Sequence  1 item(s) ---- 
            (0008,0100) Code Value                          SH: 'G-C0E3'
            (0008,0102) Coding Scheme Designator            SH: 'SRT'
            (0008,0104) Code Meaning                        LO: 'Finding Site'
            ---------
         (0040,A168)  Concept Code Sequence  1 item(s) ---- 
            (0008,0100) Code Value                          SH: 'T-46820'
            (0008,0102) Coding Scheme Designator            SH: 'SRT'
            (0008,0104) Code Meaning                        LO: 'Uterine Artery'
            ---------
         (0040,A730)  Content Sequence  1 item(s) ---- 
            (0040,A010) Relationship Type                   CS: 'HAS CONCEPT MOD'
            (0040,A040) Value Type                          CS: 'CODE'
            (0040,A043)  Concept Name Code Sequence  1 item(s) ---- 
               (0008,0100) Code Value                          SH: 'G-C171'
               (0008,0102) Coding Scheme Designator            SH: 'SRT'
               (0008,0104) Code Meaning                        LO: 'Laterality'
               ---------
            (0040,A168)  Concept Code Sequence  1 item(s) ---- 
               (0008,0100) Code Value                          SH: 'G-A100'
               (0008,0102) Coding Scheme Designator            SH: 'SRT'
               (0008,0104) Code Meaning                        LO: 'Right'
               ---------
            ---------
         ---------
         (0040,A010) Relationship Type                   CS: 'HAS CONCEPT MOD'
         (0040,A040) Value Type                          CS: 'CODE'
         (0040,A043)  Concept Name Code Sequence  1 item(s) ---- 
            (0008,0100) Code Value                          SH: '121401'
            (0008,0102) Coding Scheme Designator            SH: 'DCM'
            (0008,0104) Code Meaning                        LO: 'Derivation'
            ---------
         (0040,A168)  Concept Code Sequence  1 item(s) ---- 
            (0008,0100) Code Value                          SH: 'G-A437'
            (0008,0102) Coding Scheme Designator            SH: 'SRT'
            (0008,0104) Code Meaning                        LO: 'Maximum'
            ---------
         ---------
      ---------
      (0040,A010) Relationship Type                   CS: 'CONTAINS'
      (0040,A040) Value Type                          CS: 'NUM'
      (0040,A043)  Concept Name Code Sequence  1 item(s) ---- 
         (0008,0100) Code Value                          SH: '12023-8'
         (0008,0102) Coding Scheme Designator            SH: 'LN'
         (0008,0104) Code Meaning                        LO: 'Resistivity Index'
         ---------
      (0040,A300)  Measured Value Sequence  1 item(s) ---- 
         (0040,08EA)  Measurement Units Code Sequence  1 item(s) ---- 
            (0008,0100) Code Value                          SH: '1'
            (0008,0102) Coding Scheme Designator            SH: 'UCUM'
            (0008,0103) Coding Scheme Version               SH: '1.4'
            (0008,0104) Code Meaning                        LO: 'no unit'
            ---------
         (0040,A30A) Numeric Value                       DS: '0.63'
         ---------
      (0040,A730)  Content Sequence  1 item(s) ---- 
         (0040,A010) Relationship Type                   CS: 'HAS CONCEPT MOD'
         (0040,A040) Value Type                          CS: 'CODE'
         (0040,A043)  Concept Name Code Sequence  1 item(s) ---- 
            (0008,0100) Code Value                          SH: 'G-C0E3'
            (0008,0102) Coding Scheme Designator            SH: 'SRT'
            (0008,0104) Code Meaning                        LO: 'Finding Site'
            ---------
         (0040,A168)  Concept Code Sequence  1 item(s) ---- 
            (0008,0100) Code Value                          SH: 'T-46820'
            (0008,0102) Coding Scheme Designator            SH: 'SRT'
            (0008,0104) Code Meaning                        LO: 'Uterine Artery'
            ---------
         (0040,A730)  Content Sequence  1 item(s) ---- 
            (0040,A010) Relationship Type                   CS: 'HAS CONCEPT MOD'
            (0040,A040) Value Type                          CS: 'CODE'
            (0040,A043)  Concept Name Code Sequence  1 item(s) ---- 
               (0008,0100) Code Value                          SH: 'G-C171'
               (0008,0102) Coding Scheme Designator            SH: 'SRT'
               (0008,0104) Code Meaning                        LO: 'Laterality'
               ---------
            (0040,A168)  Concept Code Sequence  1 item(s) ---- 
               (0008,0100) Code Value                          SH: 'G-A100'
               (0008,0102) Coding Scheme Designator            SH: 'SRT'
               (0008,0104) Code Meaning                        LO: 'Right'
               ---------
            ---------
         ---------
      ---------
      (0040,A010) Relationship Type                   CS: 'CONTAINS'
      (0040,A040) Value Type                          CS: 'NUM'
      (0040,A043)  Concept Name Code Sequence  1 item(s) ---- 
         (0008,0100) Code Value                          SH: '12023-8'
         (0008,0102) Coding Scheme Designator            SH: 'LN'
         (0008,0104) Code Meaning                        LO: 'Resistivity Index'
         ---------
      (0040,A300)  Measured Value Sequence  1 item(s) ---- 
         (0040,08EA)  Measurement Units Code Sequence  1 item(s) ---- 
            (0008,0100) Code Value                          SH: '1'
            (0008,0102) Coding Scheme Designator            SH: 'UCUM'
            (0008,0103) Coding Scheme Version               SH: '1.4'
            (0008,0104) Code Meaning                        LO: 'no unit'
            ---------
         (0040,A30A) Numeric Value                       DS: '0.63'
         ---------
      (0040,A730)  Content Sequence  2 item(s) ---- 
         (0040,A010) Relationship Type                   CS: 'HAS CONCEPT MOD'
         (0040,A040) Value Type                          CS: 'CODE'
         (0040,A043)  Concept Name Code Sequence  1 item(s) ---- 
            (0008,0100) Code Value                          SH: 'G-C0E3'
            (0008,0102) Coding Scheme Designator            SH: 'SRT'
            (0008,0104) Code Meaning                        LO: 'Finding Site'
            ---------
         (0040,A168)  Concept Code Sequence  1 item(s) ---- 
            (0008,0100) Code Value                          SH: 'T-46820'
            (0008,0102) Coding Scheme Designator            SH: 'SRT'
            (0008,0104) Code Meaning                        LO: 'Uterine Artery'
            ---------
         (0040,A730)  Content Sequence  1 item(s) ---- 
            (0040,A010) Relationship Type                   CS: 'HAS CONCEPT MOD'
            (0040,A040) Value Type                          CS: 'CODE'
            (0040,A043)  Concept Name Code Sequence  1 item(s) ---- 
               (0008,0100) Code Value                          SH: 'G-C171'
               (0008,0102) Coding Scheme Designator            SH: 'SRT'
               (0008,0104) Code Meaning                        LO: 'Laterality'
               ---------
            (0040,A168)  Concept Code Sequence  1 item(s) ---- 
               (0008,0100) Code Value                          SH: 'G-A100'
               (0008,0102) Coding Scheme Designator            SH: 'SRT'
               (0008,0104) Code Meaning                        LO: 'Right'
               ---------
            ---------
         ---------
         (0040,A010) Relationship Type                   CS: 'HAS CONCEPT MOD'
         (0040,A040) Value Type                          CS: 'CODE'
         (0040,A043)  Concept Name Code Sequence  1 item(s) ---- 
            (0008,0100) Code Value                          SH: '121401'
            (0008,0102) Coding Scheme Designator            SH: 'DCM'
            (0008,0104) Code Meaning                        LO: 'Derivation'
            ---------
         (0040,A168)  Concept Code Sequence  1 item(s) ---- 
            (0008,0100) Code Value                          SH: 'R-00317'
            (0008,0102) Coding Scheme Designator            SH: 'SRT'
            (0008,0104) Code Meaning                        LO: 'Mean'
            ---------
         ---------
      ---------
      (0040,A010) Relationship Type                   CS: 'CONTAINS'
      (0040,A040) Value Type                          CS: 'NUM'
      (0040,A043)  Concept Name Code Sequence  1 item(s) ---- 
         (0008,0100) Code Value                          SH: '12008-9'
         (0008,0102) Coding Scheme Designator            SH: 'LN'
         (0008,0104) Code Meaning                        LO: 'Pulsatility Index'
         ---------
      (0040,A300)  Measured Value Sequence  1 item(s) ---- 
         (0040,08EA)  Measurement Units Code Sequence  1 item(s) ---- 
            (0008,0100) Code Value                          SH: '1'
            (0008,0102) Coding Scheme Designator            SH: 'UCUM'
            (0008,0103) Coding Scheme Version               SH: '1.4'
            (0008,0104) Code Meaning                        LO: 'no unit'
            ---------
         (0040,A30A) Numeric Value                       DS: '1.14'
         ---------
      (0040,A730)  Content Sequence  1 item(s) ---- 
         (0040,A010) Relationship Type                   CS: 'HAS CONCEPT MOD'
         (0040,A040) Value Type                          CS: 'CODE'
         (0040,A043)  Concept Name Code Sequence  1 item(s) ---- 
            (0008,0100) Code Value                          SH: 'G-C0E3'
            (0008,0102) Coding Scheme Designator            SH: 'SRT'
            (0008,0104) Code Meaning                        LO: 'Finding Site'
            ---------
         (0040,A168)  Concept Code Sequence  1 item(s) ---- 
            (0008,0100) Code Value                          SH: 'T-46820'
            (0008,0102) Coding Scheme Designator            SH: 'SRT'
            (0008,0104) Code Meaning                        LO: 'Uterine Artery'
            ---------
         (0040,A730)  Content Sequence  1 item(s) ---- 
            (0040,A010) Relationship Type                   CS: 'HAS CONCEPT MOD'
            (0040,A040) Value Type                          CS: 'CODE'
            (0040,A043)  Concept Name Code Sequence  1 item(s) ---- 
               (0008,0100) Code Value                          SH: 'G-C171'
               (0008,0102) Coding Scheme Designator            SH: 'SRT'
               (0008,0104) Code Meaning                        LO: 'Laterality'
               ---------
            (0040,A168)  Concept Code Sequence  1 item(s) ---- 
               (0008,0100) Code Value                          SH: 'G-A100'
               (0008,0102) Coding Scheme Designator            SH: 'SRT'
               (0008,0104) Code Meaning                        LO: 'Right'
               ---------
            ---------
         ---------
      ---------
      (0040,A010) Relationship Type                   CS: 'CONTAINS'
      (0040,A040) Value Type                          CS: 'NUM'
      (0040,A043)  Concept Name Code Sequence  1 item(s) ---- 
         (0008,0100) Code Value                          SH: '12008-9'
         (0008,0102) Coding Scheme Designator            SH: 'LN'
         (0008,0104) Code Meaning                        LO: 'Pulsatility Index'
         ---------
      (0040,A300)  Measured Value Sequence  1 item(s) ---- 
         (0040,08EA)  Measurement Units Code Sequence  1 item(s) ---- 
            (0008,0100) Code Value                          SH: '1'
            (0008,0102) Coding Scheme Designator            SH: 'UCUM'
            (0008,0103) Coding Scheme Version               SH: '1.4'
            (0008,0104) Code Meaning                        LO: 'no unit'
            ---------
         (0040,A30A) Numeric Value                       DS: '1.14'
         ---------
      (0040,A730)  Content Sequence  2 item(s) ---- 
         (0040,A010) Relationship Type                   CS: 'HAS CONCEPT MOD'
         (0040,A040) Value Type                          CS: 'CODE'
         (0040,A043)  Concept Name Code Sequence  1 item(s) ---- 
            (0008,0100) Code Value                          SH: 'G-C0E3'
            (0008,0102) Coding Scheme Designator            SH: 'SRT'
            (0008,0104) Code Meaning                        LO: 'Finding Site'
            ---------
         (0040,A168)  Concept Code Sequence  1 item(s) ---- 
            (0008,0100) Code Value                          SH: 'T-46820'
            (0008,0102) Coding Scheme Designator            SH: 'SRT'
            (0008,0104) Code Meaning                        LO: 'Uterine Artery'
            ---------
         (0040,A730)  Content Sequence  1 item(s) ---- 
            (0040,A010) Relationship Type                   CS: 'HAS CONCEPT MOD'
            (0040,A040) Value Type                          CS: 'CODE'
            (0040,A043)  Concept Name Code Sequence  1 item(s) ---- 
               (0008,0100) Code Value                          SH: 'G-C171'
               (0008,0102) Coding Scheme Designator            SH: 'SRT'
               (0008,0104) Code Meaning                        LO: 'Laterality'
               ---------
            (0040,A168)  Concept Code Sequence  1 item(s) ---- 
               (0008,0100) Code Value                          SH: 'G-A100'
               (0008,0102) Coding Scheme Designator            SH: 'SRT'
               (0008,0104) Code Meaning                        LO: 'Right'
               ---------
            ---------
         ---------
         (0040,A010) Relationship Type                   CS: 'HAS CONCEPT MOD'
         (0040,A040) Value Type                          CS: 'CODE'
         (0040,A043)  Concept Name Code Sequence  1 item(s) ---- 
            (0008,0100) Code Value                          SH: '121401'
            (0008,0102) Coding Scheme Designator            SH: 'DCM'
            (0008,0104) Code Meaning                        LO: 'Derivation'
            ---------
         (0040,A168)  Concept Code Sequence  1 item(s) ---- 
            (0008,0100) Code Value                          SH: 'R-00317'
            (0008,0102) Coding Scheme Designator            SH: 'SRT'
            (0008,0104) Code Meaning                        LO: 'Mean'
            ---------
         ---------
      ---------
      (0040,A010) Relationship Type                   CS: 'CONTAINS'
      (0040,A040) Value Type                          CS: 'NUM'
      (0040,A043)  Concept Name Code Sequence  1 item(s) ---- 
         (0008,0100) Code Value                          SH: '12144-2'
         (0008,0102) Coding Scheme Designator            SH: 'LN'
         (0008,0104) Code Meaning                        LO: 'Systolic to Diastolic Velocity Ratio'
         ---------
      (0040,A300)  Measured Value Sequence  1 item(s) ---- 
         (0040,08EA)  Measurement Units Code Sequence  1 item(s) ---- 
            (0008,0100) Code Value                          SH: '1'
            (0008,0102) Coding Scheme Designator            SH: 'UCUM'
            (0008,0103) Coding Scheme Version               SH: '1.4'
            (0008,0104) Code Meaning                        LO: 'no unit'
            ---------
         (0040,A30A) Numeric Value                       DS: '2.70'
         ---------
      (0040,A730)  Content Sequence  1 item(s) ---- 
         (0040,A010) Relationship Type                   CS: 'HAS CONCEPT MOD'
         (0040,A040) Value Type                          CS: 'CODE'
         (0040,A043)  Concept Name Code Sequence  1 item(s) ---- 
            (0008,0100) Code Value                          SH: 'G-C0E3'
            (0008,0102) Coding Scheme Designator            SH: 'SRT'
            (0008,0104) Code Meaning                        LO: 'Finding Site'
            ---------
         (0040,A168)  Concept Code Sequence  1 item(s) ---- 
            (0008,0100) Code Value                          SH: 'T-46820'
            (0008,0102) Coding Scheme Designator            SH: 'SRT'
            (0008,0104) Code Meaning                        LO: 'Uterine Artery'
            ---------
         (0040,A730)  Content Sequence  1 item(s) ---- 
            (0040,A010) Relationship Type                   CS: 'HAS CONCEPT MOD'
            (0040,A040) Value Type                          CS: 'CODE'
            (0040,A043)  Concept Name Code Sequence  1 item(s) ---- 
               (0008,0100) Code Value                          SH: 'G-C171'
               (0008,0102) Coding Scheme Designator            SH: 'SRT'
               (0008,0104) Code Meaning                        LO: 'Laterality'
               ---------
            (0040,A168)  Concept Code Sequence  1 item(s) ---- 
               (0008,0100) Code Value                          SH: 'G-A100'
               (0008,0102) Coding Scheme Designator            SH: 'SRT'
               (0008,0104) Code Meaning                        LO: 'Right'
               ---------
            ---------
         ---------
      ---------
      (0040,A010) Relationship Type                   CS: 'CONTAINS'
      (0040,A040) Value Type                          CS: 'NUM'
      (0040,A043)  Concept Name Code Sequence  1 item(s) ---- 
         (0008,0100) Code Value                          SH: '12144-2'
         (0008,0102) Coding Scheme Designator            SH: 'LN'
         (0008,0104) Code Meaning                        LO: 'Systolic to Diastolic Velocity Ratio'
         ---------
      (0040,A300)  Measured Value Sequence  1 item(s) ---- 
         (0040,08EA)  Measurement Units Code Sequence  1 item(s) ---- 
            (0008,0100) Code Value                          SH: '1'
            (0008,0102) Coding Scheme Designator            SH: 'UCUM'
            (0008,0103) Coding Scheme Version               SH: '1.4'
            (0008,0104) Code Meaning                        LO: 'no unit'
            ---------
         (0040,A30A) Numeric Value                       DS: '2.70'
         ---------
      (0040,A730)  Content Sequence  2 item(s) ---- 
         (0040,A010) Relationship Type                   CS: 'HAS CONCEPT MOD'
         (0040,A040) Value Type                          CS: 'CODE'
         (0040,A043)  Concept Name Code Sequence  1 item(s) ---- 
            (0008,0100) Code Value                          SH: 'G-C0E3'
            (0008,0102) Coding Scheme Designator            SH: 'SRT'
            (0008,0104) Code Meaning                        LO: 'Finding Site'
            ---------
         (0040,A168)  Concept Code Sequence  1 item(s) ---- 
            (0008,0100) Code Value                          SH: 'T-46820'
            (0008,0102) Coding Scheme Designator            SH: 'SRT'
            (0008,0104) Code Meaning                        LO: 'Uterine Artery'
            ---------
         (0040,A730)  Content Sequence  1 item(s) ---- 
            (0040,A010) Relationship Type                   CS: 'HAS CONCEPT MOD'
            (0040,A040) Value Type                          CS: 'CODE'
            (0040,A043)  Concept Name Code Sequence  1 item(s) ---- 
               (0008,0100) Code Value                          SH: 'G-C171'
               (0008,0102) Coding Scheme Designator            SH: 'SRT'
               (0008,0104) Code Meaning                        LO: 'Laterality'
               ---------
            (0040,A168)  Concept Code Sequence  1 item(s) ---- 
               (0008,0100) Code Value                          SH: 'G-A100'
               (0008,0102) Coding Scheme Designator            SH: 'SRT'
               (0008,0104) Code Meaning                        LO: 'Right'
               ---------
            ---------
         ---------
         (0040,A010) Relationship Type                   CS: 'HAS CONCEPT MOD'
         (0040,A040) Value Type                          CS: 'CODE'
         (0040,A043)  Concept Name Code Sequence  1 item(s) ---- 
            (0008,0100) Code Value                          SH: '121401'
            (0008,0102) Coding Scheme Designator            SH: 'DCM'
            (0008,0104) Code Meaning                        LO: 'Derivation'
            ---------
         (0040,A168)  Concept Code Sequence  1 item(s) ---- 
            (0008,0100) Code Value                          SH: 'R-00317'
            (0008,0102) Coding Scheme Designator            SH: 'SRT'
            (0008,0104) Code Meaning                        LO: 'Mean'
            ---------
         ---------
      ---------
      (0040,A010) Relationship Type                   CS: 'CONTAINS'
      (0040,A040) Value Type                          CS: 'NUM'
      (0040,A043)  Concept Name Code Sequence  1 item(s) ---- 
         (0008,0100) Code Value                          SH: '20354-7'
         (0008,0102) Coding Scheme Designator            SH: 'LN'
         (0008,0104) Code Meaning                        LO: 'Velocity Time Integral'
         ---------
      (0040,A300)  Measured Value Sequence  1 item(s) ---- 
         (0040,08EA)  Measurement Units Code Sequence  1 item(s) ---- 
            (0008,0100) Code Value                          SH: 'mm'
            (0008,0102) Coding Scheme Designator            SH: 'UCUM'
            (0008,0103) Coding Scheme Version               SH: '1.4'
            (0008,0104) Code Meaning                        LO: 'mm'
            ---------
         (0040,A30A) Numeric Value                       DS: '280.79'
         ---------
      (0040,A730)  Content Sequence  1 item(s) ---- 
         (0040,A010) Relationship Type                   CS: 'HAS CONCEPT MOD'
         (0040,A040) Value Type                          CS: 'CODE'
         (0040,A043)  Concept Name Code Sequence  1 item(s) ---- 
            (0008,0100) Code Value                          SH: 'G-C0E3'
            (0008,0102) Coding Scheme Designator            SH: 'SRT'
            (0008,0104) Code Meaning                        LO: 'Finding Site'
            ---------
         (0040,A168)  Concept Code Sequence  1 item(s) ---- 
            (0008,0100) Code Value                          SH: 'T-46820'
            (0008,0102) Coding Scheme Designator            SH: 'SRT'
            (0008,0104) Code Meaning                        LO: 'Uterine Artery'
            ---------
         (0040,A730)  Content Sequence  1 item(s) ---- 
            (0040,A010) Relationship Type                   CS: 'HAS CONCEPT MOD'
            (0040,A040) Value Type                          CS: 'CODE'
            (0040,A043)  Concept Name Code Sequence  1 item(s) ---- 
               (0008,0100) Code Value                          SH: 'G-C171'
               (0008,0102) Coding Scheme Designator            SH: 'SRT'
               (0008,0104) Code Meaning                        LO: 'Laterality'
               ---------
            (0040,A168)  Concept Code Sequence  1 item(s) ---- 
               (0008,0100) Code Value                          SH: 'G-A100'
               (0008,0102) Coding Scheme Designator            SH: 'SRT'
               (0008,0104) Code Meaning                        LO: 'Right'
               ---------
            ---------
         ---------
      ---------
      (0040,A010) Relationship Type                   CS: 'CONTAINS'
      (0040,A040) Value Type                          CS: 'NUM'
      (0040,A043)  Concept Name Code Sequence  1 item(s) ---- 
         (0008,0100) Code Value                          SH: '20354-7'
         (0008,0102) Coding Scheme Designator            SH: 'LN'
         (0008,0104) Code Meaning                        LO: 'Velocity Time Integral'
         ---------
      (0040,A300)  Measured Value Sequence  1 item(s) ---- 
         (0040,08EA)  Measurement Units Code Sequence  1 item(s) ---- 
            (0008,0100) Code Value                          SH: 'mm'
            (0008,0102) Coding Scheme Designator            SH: 'UCUM'
            (0008,0103) Coding Scheme Version               SH: '1.4'
            (0008,0104) Code Meaning                        LO: 'mm'
            ---------
         (0040,A30A) Numeric Value                       DS: '280.79'
         ---------
      (0040,A730)  Content Sequence  2 item(s) ---- 
         (0040,A010) Relationship Type                   CS: 'HAS CONCEPT MOD'
         (0040,A040) Value Type                          CS: 'CODE'
         (0040,A043)  Concept Name Code Sequence  1 item(s) ---- 
            (0008,0100) Code Value                          SH: 'G-C0E3'
            (0008,0102) Coding Scheme Designator            SH: 'SRT'
            (0008,0104) Code Meaning                        LO: 'Finding Site'
            ---------
         (0040,A168)  Concept Code Sequence  1 item(s) ---- 
            (0008,0100) Code Value                          SH: 'T-46820'
            (0008,0102) Coding Scheme Designator            SH: 'SRT'
            (0008,0104) Code Meaning                        LO: 'Uterine Artery'
            ---------
         (0040,A730)  Content Sequence  1 item(s) ---- 
            (0040,A010) Relationship Type                   CS: 'HAS CONCEPT MOD'
            (0040,A040) Value Type                          CS: 'CODE'
            (0040,A043)  Concept Name Code Sequence  1 item(s) ---- 
               (0008,0100) Code Value                          SH: 'G-C171'
               (0008,0102) Coding Scheme Designator            SH: 'SRT'
               (0008,0104) Code Meaning                        LO: 'Laterality'
               ---------
            (0040,A168)  Concept Code Sequence  1 item(s) ---- 
               (0008,0100) Code Value                          SH: 'G-A100'
               (0008,0102) Coding Scheme Designator            SH: 'SRT'
               (0008,0104) Code Meaning                        LO: 'Right'
               ---------
            ---------
         ---------
         (0040,A010) Relationship Type                   CS: 'HAS CONCEPT MOD'
         (0040,A040) Value Type                          CS: 'CODE'
         (0040,A043)  Concept Name Code Sequence  1 item(s) ---- 
            (0008,0100) Code Value                          SH: '121401'
            (0008,0102) Coding Scheme Designator            SH: 'DCM'
            (0008,0104) Code Meaning                        LO: 'Derivation'
            ---------
         (0040,A168)  Concept Code Sequence  1 item(s) ---- 
            (0008,0100) Code Value                          SH: 'R-00317'
            (0008,0102) Coding Scheme Designator            SH: 'SRT'
            (0008,0104) Code Meaning                        LO: 'Mean'
            ---------
         ---------
      ---------
      (0040,A010) Relationship Type                   CS: 'CONTAINS'
      (0040,A040) Value Type                          CS: 'NUM'
      (0040,A043)  Concept Name Code Sequence  1 item(s) ---- 
         (0008,0100) Code Value                          SH: '8867-4'
         (0008,0102) Coding Scheme Designator            SH: 'LN'
         (0008,0104) Code Meaning                        LO: 'Heart rate'
         ---------
      (0040,A300)  Measured Value Sequence  1 item(s) ---- 
         (0040,08EA)  Measurement Units Code Sequence  1 item(s) ---- 
            (0008,0100) Code Value                          SH: 'bpm'
            (0008,0102) Coding Scheme Designator            SH: 'UCUM'
            (0008,0103) Coding Scheme Version               SH: '1.4'
            (0008,0104) Code Meaning                        LO: 'bpm'
            ---------
         (0040,A30A) Numeric Value                       DS: '77'
         ---------
      (0040,A730)  Content Sequence  1 item(s) ---- 
         (0040,A010) Relationship Type                   CS: 'HAS CONCEPT MOD'
         (0040,A040) Value Type                          CS: 'CODE'
         (0040,A043)  Concept Name Code Sequence  1 item(s) ---- 
            (0008,0100) Code Value                          SH: 'G-C0E3'
            (0008,0102) Coding Scheme Designator            SH: 'SRT'
            (0008,0104) Code Meaning                        LO: 'Finding Site'
            ---------
         (0040,A168)  Concept Code Sequence  1 item(s) ---- 
            (0008,0100) Code Value                          SH: 'T-46820'
            (0008,0102) Coding Scheme Designator            SH: 'SRT'
            (0008,0104) Code Meaning                        LO: 'Uterine Artery'
            ---------
         (0040,A730)  Content Sequence  1 item(s) ---- 
            (0040,A010) Relationship Type                   CS: 'HAS CONCEPT MOD'
            (0040,A040) Value Type                          CS: 'CODE'
            (0040,A043)  Concept Name Code Sequence  1 item(s) ---- 
               (0008,0100) Code Value                          SH: 'G-C171'
               (0008,0102) Coding Scheme Designator            SH: 'SRT'
               (0008,0104) Code Meaning                        LO: 'Laterality'
               ---------
            (0040,A168)  Concept Code Sequence  1 item(s) ---- 
               (0008,0100) Code Value                          SH: 'G-A100'
               (0008,0102) Coding Scheme Designator            SH: 'SRT'
               (0008,0104) Code Meaning                        LO: 'Right'
               ---------
            ---------
         ---------
      ---------
      (0040,A010) Relationship Type                   CS: 'CONTAINS'
      (0040,A040) Value Type                          CS: 'NUM'
      (0040,A043)  Concept Name Code Sequence  1 item(s) ---- 
         (0008,0100) Code Value                          SH: '8867-4'
         (0008,0102) Coding Scheme Designator            SH: 'LN'
         (0008,0104) Code Meaning                        LO: 'Heart rate'
         ---------
      (0040,A300)  Measured Value Sequence  1 item(s) ---- 
         (0040,08EA)  Measurement Units Code Sequence  1 item(s) ---- 
            (0008,0100) Code Value                          SH: 'bpm'
            (0008,0102) Coding Scheme Designator            SH: 'UCUM'
            (0008,0103) Coding Scheme Version               SH: '1.4'
            (0008,0104) Code Meaning                        LO: 'bpm'
            ---------
         (0040,A30A) Numeric Value                       DS: '77'
         ---------
      (0040,A730)  Content Sequence  2 item(s) ---- 
         (0040,A010) Relationship Type                   CS: 'HAS CONCEPT MOD'
         (0040,A040) Value Type                          CS: 'CODE'
         (0040,A043)  Concept Name Code Sequence  1 item(s) ---- 
            (0008,0100) Code Value                          SH: 'G-C0E3'
            (0008,0102) Coding Scheme Designator            SH: 'SRT'
            (0008,0104) Code Meaning                        LO: 'Finding Site'
            ---------
         (0040,A168)  Concept Code Sequence  1 item(s) ---- 
            (0008,0100) Code Value                          SH: 'T-46820'
            (0008,0102) Coding Scheme Designator            SH: 'SRT'
            (0008,0104) Code Meaning                        LO: 'Uterine Artery'
            ---------
         (0040,A730)  Content Sequence  1 item(s) ---- 
            (0040,A010) Relationship Type                   CS: 'HAS CONCEPT MOD'
            (0040,A040) Value Type                          CS: 'CODE'
            (0040,A043)  Concept Name Code Sequence  1 item(s) ---- 
               (0008,0100) Code Value                          SH: 'G-C171'
               (0008,0102) Coding Scheme Designator            SH: 'SRT'
               (0008,0104) Code Meaning                        LO: 'Laterality'
               ---------
            (0040,A168)  Concept Code Sequence  1 item(s) ---- 
               (0008,0100) Code Value                          SH: 'G-A100'
               (0008,0102) Coding Scheme Designator            SH: 'SRT'
               (0008,0104) Code Meaning                        LO: 'Right'
               ---------
            ---------
         ---------
         (0040,A010) Relationship Type                   CS: 'HAS CONCEPT MOD'
         (0040,A040) Value Type                          CS: 'CODE'
         (0040,A043)  Concept Name Code Sequence  1 item(s) ---- 
            (0008,0100) Code Value                          SH: '121401'
            (0008,0102) Coding Scheme Designator            SH: 'DCM'
            (0008,0104) Code Meaning                        LO: 'Derivation'
            ---------
         (0040,A168)  Concept Code Sequence  1 item(s) ---- 
            (0008,0100) Code Value                          SH: 'G-A437'
            (0008,0102) Coding Scheme Designator            SH: 'SRT'
            (0008,0104) Code Meaning                        LO: 'Maximum'
            ---------
         ---------
      ---------
   ---------(0040,A010) Relationship Type                   CS: 'CONTAINS'
(0040,A040) Value Type                          CS: 'CONTAINER'
(0040,A043)  Concept Name Code Sequence  1 item(s) ---- 
   (0008,0100) Code Value                          SH: '99811-0'
   (0008,0102) Coding Scheme Designator            SH: 'GEK'
   (0008,0104) Code Meaning                        LO: 'MVP'
   ---------
(0040,A050) Continuity Of Content               CS: 'SEPARATE'
(0040,A730)  Content Sequence  3 item(s) ---- 
   (0040,A010) Relationship Type                   CS: 'HAS OBS CONTEXT'
   (0040,A040) Value Type                          CS: 'TEXT'
   (0040,A043)  Concept Name Code Sequence  1 item(s) ---- 
      (0008,0100) Code Value                          SH: '11951-1'
      (0008,0102) Coding Scheme Designator            SH: 'LN'
      (0008,0104) Code Meaning                        LO: 'Fetus ID'
      ---------
   (0040,A160) Text Value                          UT: '1'
   ---------
   (0040,A010) Relationship Type                   CS: 'CONTAINS'
   (0040,A040) Value Type                          CS: 'NUM'
   (0040,A043)  Concept Name Code Sequence  1 item(s) ---- 
      (0008,0100) Code Value                          SH: '99024-0'
      (0008,0102) Coding Scheme Designator            SH: 'GEK'
      (0008,0104) Code Meaning                        LO: 'Max Vertical Pocket'
      ---------
   (0040,A300)  Measured Value Sequence  1 item(s) ---- 
      (0040,08EA)  Measurement Units Code Sequence  1 item(s) ---- 
         (0008,0100) Code Value                          SH: 'mm'
         (0008,0102) Coding Scheme Designator            SH: 'UCUM'
         (0008,0103) Coding Scheme Version               SH: '1.4'
         (0008,0104) Code Meaning                        LO: 'mm'
         ---------
      (0040,A30A) Numeric Value                       DS: '68.33'
      ---------
   ---------
   (0040,A010) Relationship Type                   CS: 'CONTAINS'
   (0040,A040) Value Type                          CS: 'NUM'
   (0040,A043)  Concept Name Code Sequence  1 item(s) ---- 
      (0008,0100) Code Value                          SH: '99024-0'
      (0008,0102) Coding Scheme Designator            SH: 'GEK'
      (0008,0104) Code Meaning                        LO: 'Max Vertical Pocket'
      ---------
   (0040,A300)  Measured Value Sequence  1 item(s) ---- 
      (0040,08EA)  Measurement Units Code Sequence  1 item(s) ---- 
         (0008,0100) Code Value                          SH: 'mm'
         (0008,0102) Coding Scheme Designator            SH: 'UCUM'
         (0008,0103) Coding Scheme Version               SH: '1.4'
         (0008,0104) Code Meaning                        LO: 'mm'
         ---------
      (0040,A30A) Numeric Value                       DS: '68.33'
      ---------
   (0040,A730)  Content Sequence  1 item(s) ---- 
      (0040,A010) Relationship Type                   CS: 'HAS CONCEPT MOD'
      (0040,A040) Value Type                          CS: 'CODE'
      (0040,A043)  Concept Name Code Sequence  1 item(s) ---- 
         (0008,0100) Code Value                          SH: '121401'
         (0008,0102) Coding Scheme Designator            SH: 'DCM'
         (0008,0104) Code Meaning                        LO: 'Derivation'
         ---------
      (0040,A168)  Concept Code Sequence  1 item(s) ---- 
         (0008,0100) Code Value                          SH: 'R-00317'
         (0008,0102) Coding Scheme Designator            SH: 'SRT'
         (0008,0104) Code Meaning                        LO: 'Mean'
         ---------
      ---------
   ---------]",1
